Date,Temperature_C,Humidity_Pct,Rainfall_mm,Mosquito_Density_Index,Viral_Cases
2021-01-01,24.6,59.6,0.0,6.9,25
2021-01-02,23.8,65.1,0.0,7.8,16
2021-01-03,24.8,53.2,0.0,3.2,12
2021-01-04,25.8,58.7,0.0,1.6,16
2021-01-05,23.7,55.7,0.0,2.4,15
2021-01-06,23.7,59.5,0.0,7.8,19
2021-01-07,25.9,58.1,0.0,2.5,17
2021-01-08,24.9,55.8,0.0,4.5,13
2021-01-09,23.4,59.7,0.0,5.1,21
2021-01-10,24.7,64.3,0.0,0.0,17
2021-01-11,23.5,57.3,0.0,0.0,17
2021-01-12,23.6,60.5,0.0,6.3,13
2021-01-13,24.5,53.5,0.0,2.1,30
2021-01-14,21.9,54.7,0.0,9.2,39
2021-01-15,22.2,59.7,0.0,8.9,28
2021-01-16,23.6,63.2,0.0,7.9,29
2021-01-17,23.1,59.2,0.0,12.3,23
2021-01-18,24.7,56.9,0.0,4.7,15
2021-01-19,23.3,58.0,0.0,7.6,19
2021-01-20,22.7,53.6,0.0,2.7,32
2021-01-21,26.2,60.1,0.0,14.8,23
2021-01-22,24.2,61.1,0.0,12.9,15
2021-01-23,24.5,56.4,0.0,5.0,15
2021-01-24,22.8,56.4,0.0,6.5,14
2021-01-25,23.9,58.9,0.0,10.4,12
2021-01-26,24.7,56.5,0.0,4.4,15
2021-01-27,23.2,57.8,0.0,2.4,21
2021-01-28,25.1,65.3,0.0,8.5,12
2021-01-29,23.9,57.1,0.0,5.3,20
2021-01-30,24.3,56.7,0.0,5.7,22
2021-01-31,24.0,55.7,0.0,1.7,10
2021-02-01,27.0,60.6,0.0,0.0,9
2021-02-02,24.8,57.4,0.0,5.9,15
2021-02-03,23.6,55.7,0.0,8.6,15
2021-02-04,25.9,62.6,0.0,4.1,25
2021-02-05,23.4,63.0,0.0,10.7,28
2021-02-06,25.2,55.9,0.0,2.2,14
2021-02-07,22.7,51.6,0.0,0.8,30
2021-02-08,23.5,61.7,0.0,4.7,25
2021-02-09,25.4,55.9,0.0,4.7,25
2021-02-10,26.2,61.1,0.0,8.1,11
2021-02-11,25.6,51.5,0.0,1.9,28
2021-02-12,25.3,61.7,0.0,10.5,21
2021-02-13,25.2,54.4,0.0,12.9,17
2021-02-14,23.9,61.3,0.0,4.8,10
2021-02-15,24.9,58.8,0.0,10.0,15
2021-02-16,25.3,55.6,0.0,0.8,16
2021-02-17,27.2,57.6,0.0,9.3,11
2021-02-18,26.4,61.5,0.0,9.2,16
2021-02-19,24.0,59.5,0.0,8.5,19
2021-02-20,26.6,61.3,0.0,4.9,18
2021-02-21,25.8,66.3,0.0,0.0,10
2021-02-22,25.5,53.9,0.0,2.4,10
2021-02-23,27.2,65.2,0.0,2.5,8
2021-02-24,27.7,60.0,0.0,1.1,22
2021-02-25,27.7,56.5,0.0,5.5,11
2021-02-26,25.6,55.1,0.0,3.3,32
2021-02-27,26.3,59.2,0.0,1.7,10
2021-02-28,27.1,63.2,0.0,0.8,5
2021-03-01,27.9,59.6,0.0,2.1,12
2021-03-02,26.3,65.4,0.0,9.5,7
2021-03-03,26.7,55.1,0.0,2.4,17
2021-03-04,25.6,60.3,0.0,2.9,2
2021-03-05,25.6,56.0,0.0,3.2,18
2021-03-06,28.0,61.8,0.0,6.4,16
2021-03-07,28.7,63.7,0.0,6.8,12
2021-03-08,27.1,59.2,0.0,0.0,17
2021-03-09,28.4,51.6,0.0,9.1,6
2021-03-10,27.8,61.7,0.0,10.7,20
2021-03-11,26.6,62.7,0.0,0.8,15
2021-03-12,28.0,62.8,0.0,1.1,21
2021-03-13,29.5,66.0,0.0,3.2,13
2021-03-14,27.7,58.1,0.0,2.0,3
2021-03-15,29.7,64.5,0.0,5.9,9
2021-03-16,24.8,66.5,0.0,0.0,8
2021-03-17,29.0,56.3,0.0,0.5,4
2021-03-18,28.2,63.9,0.0,11.2,12
2021-03-19,27.9,61.2,0.0,1.3,11
2021-03-20,28.4,62.9,0.0,10.0,5
2021-03-21,26.0,64.6,0.0,6.4,5
2021-03-22,28.3,61.9,0.0,0.0,8
2021-03-23,29.1,61.5,0.0,7.5,11
2021-03-24,30.4,64.1,0.0,4.5,4
2021-03-25,28.1,60.3,0.0,3.2,13
2021-03-26,27.8,60.5,0.0,6.0,6
2021-03-27,28.2,66.8,0.0,6.9,11
2021-03-28,29.9,60.5,0.0,7.8,16
2021-03-29,29.3,67.0,0.0,9.7,5
2021-03-30,28.3,66.4,0.0,6.6,14
2021-03-31,29.6,58.9,0.0,0.0,23
2021-04-01,29.1,62.7,0.0,3.1,1
2021-04-02,30.2,69.4,0.0,16.8,8
2021-04-03,28.3,61.9,0.0,7.9,13
2021-04-04,28.8,63.8,0.0,14.5,5
2021-04-05,28.7,67.2,0.0,10.6,22
2021-04-06,27.5,68.5,0.0,6.0,4
2021-04-07,29.6,65.0,0.0,6.2,7
2021-04-08,29.6,63.9,0.0,4.9,15
2021-04-09,29.4,71.2,0.0,0.0,6
2021-04-10,29.2,72.5,0.0,5.1,22
2021-04-11,27.9,70.1,0.0,9.8,16
2021-04-12,29.1,67.2,0.0,2.6,4
2021-04-13,29.3,64.3,0.0,6.6,15
2021-04-14,28.8,64.4,0.0,8.4,6
2021-04-15,29.7,69.4,0.0,1.4,8
2021-04-16,30.4,69.2,0.0,3.2,16
2021-04-17,32.3,72.9,0.0,0.9,12
2021-04-18,30.3,70.5,0.0,1.7,18
2021-04-19,30.5,63.2,0.0,0.0,20
2021-04-20,30.2,72.3,0.0,1.4,19
2021-04-21,28.0,65.4,0.0,10.7,4
2021-04-22,30.4,67.8,0.0,1.3,13
2021-04-23,30.6,70.2,0.0,5.5,31
2021-04-24,33.5,76.4,0.0,3.0,14
2021-04-25,30.3,80.4,0.0,9.7,12
2021-04-26,31.0,71.7,0.0,10.2,13
2021-04-27,30.6,69.0,0.0,8.5,7
2021-04-28,29.3,71.6,0.0,6.2,16
2021-04-29,32.1,73.0,0.0,4.1,7
2021-04-30,31.6,68.8,0.0,0.2,7
2021-05-01,31.7,76.3,0.0,12.8,16
2021-05-02,29.7,70.9,0.0,2.0,17
2021-05-03,32.5,72.0,13.9,12.0,7
2021-05-04,29.2,72.6,0.0,20.5,15
2021-05-05,31.6,71.9,0.0,9.0,13
2021-05-06,33.6,73.4,0.0,11.8,4
2021-05-07,29.8,68.4,0.0,16.6,10
2021-05-08,30.3,68.7,7.9,23.0,4
2021-05-09,31.2,66.9,0.0,10.9,5
2021-05-10,30.4,72.6,0.0,12.8,2
2021-05-11,29.1,74.1,0.0,20.0,5
2021-05-12,31.0,73.4,0.0,17.2,17
2021-05-13,29.7,77.9,0.0,22.4,7
2021-05-14,31.5,72.4,0.0,12.7,8
2021-05-15,29.8,75.1,0.0,13.2,12
2021-05-16,32.7,69.3,0.0,11.9,19
2021-05-17,29.9,72.1,0.0,19.0,23
2021-05-18,30.4,76.2,0.0,13.1,15
2021-05-19,31.8,77.1,0.0,11.6,14
2021-05-20,29.3,73.4,0.0,14.4,3
2021-05-21,31.0,74.5,0.0,11.7,2
2021-05-22,32.3,69.8,0.0,8.7,16
2021-05-23,28.8,74.2,0.0,6.6,4
2021-05-24,30.9,78.8,0.0,3.7,20
2021-05-25,30.9,77.9,0.0,1.8,27
2021-05-26,31.5,77.9,0.0,4.0,10
2021-05-27,29.0,76.6,0.0,6.3,23
2021-05-28,28.9,76.7,0.0,3.7,34
2021-05-29,31.0,74.6,0.0,6.3,28
2021-05-30,30.7,79.6,0.0,6.8,21
2021-05-31,30.6,78.9,0.0,8.3,22
2021-06-01,30.6,79.3,4.2,13.7,52
2021-06-02,29.4,76.0,39.4,32.6,47
2021-06-03,30.4,70.6,48.7,26.8,46
2021-06-04,30.4,82.2,0.0,39.6,38
2021-06-05,29.1,76.9,35.0,51.8,45
2021-06-06,32.2,75.8,10.6,18.3,25
2021-06-07,30.5,81.5,15.7,52.0,55
2021-06-08,28.4,78.0,76.9,64.1,31
2021-06-09,30.5,83.4,20.0,53.9,35
2021-06-10,28.5,82.2,76.3,76.4,43
2021-06-11,30.5,82.8,6.9,52.0,29
2021-06-12,30.8,76.0,59.6,49.3,43
2021-06-13,28.4,85.4,0.0,74.5,26
2021-06-14,30.4,82.4,0.0,56.0,14
2021-06-15,29.7,80.5,25.2,60.5,27
2021-06-16,30.1,82.7,8.6,66.9,30
2021-06-17,31.2,76.3,52.5,41.0,29
2021-06-18,28.6,84.3,0.0,76.3,16
2021-06-19,27.9,79.6,9.2,63.0,31
2021-06-20,27.6,78.9,109.1,76.1,31
2021-06-21,27.6,78.6,0.0,75.0,22
2021-06-22,28.4,88.2,0.0,75.7,30
2021-06-23,28.8,82.5,38.1,70.5,79
2021-06-24,28.7,90.1,45.0,75.9,39
2021-06-25,29.3,83.0,0.0,76.6,62
2021-06-26,28.3,79.0,10.2,60.7,98
2021-06-27,30.0,81.2,55.5,62.9,38
2021-06-28,27.9,89.5,35.3,73.1,99
2021-06-29,31.4,84.8,21.0,44.4,102
2021-06-30,28.9,83.5,22.2,70.8,89
2021-07-01,27.1,86.1,0.0,70.1,137
2021-07-02,26.8,87.4,70.7,71.8,102
2021-07-03,28.6,89.7,129.8,73.8,61
2021-07-04,27.7,91.0,0.0,81.9,117
2021-07-05,28.8,84.7,0.0,66.5,82
2021-07-06,28.4,81.5,52.8,76.3,117
2021-07-07,27.8,84.8,89.7,76.2,124
2021-07-08,26.8,87.2,32.9,68.8,85
2021-07-09,25.9,83.1,0.0,63.3,116
2021-07-10,27.2,83.2,18.7,68.2,100
2021-07-11,28.7,87.9,41.7,77.1,148
2021-07-12,27.9,86.6,85.2,73.2,115
2021-07-13,26.1,87.0,57.7,69.2,127
2021-07-14,27.7,84.3,28.0,74.3,112
2021-07-15,28.0,86.3,76.1,78.3,139
2021-07-16,26.4,84.0,57.9,71.2,133
2021-07-17,27.6,90.4,52.7,76.8,113
2021-07-18,27.4,91.1,96.3,80.1,106
2021-07-19,25.9,81.1,61.5,57.1,133
2021-07-20,27.7,84.4,28.9,81.7,70
2021-07-21,27.9,82.5,30.6,84.8,104
2021-07-22,28.5,85.6,42.7,89.9,96
2021-07-23,28.4,87.7,102.8,81.2,132
2021-07-24,25.5,82.9,19.0,62.4,134
2021-07-25,26.0,84.8,196.4,60.2,128
2021-07-26,27.7,84.5,145.5,86.8,123
2021-07-27,27.7,88.7,38.1,85.6,119
2021-07-28,27.7,88.2,80.8,80.6,149
2021-07-29,31.7,85.5,16.4,48.9,107
2021-07-30,27.8,88.6,32.6,81.5,109
2021-07-31,28.5,86.1,167.8,79.4,126
2021-08-01,28.2,87.0,39.8,84.1,142
2021-08-02,27.9,93.9,45.8,79.8,129
2021-08-03,26.7,92.7,122.3,82.0,106
2021-08-04,28.0,83.5,29.1,76.6,118
2021-08-05,26.2,90.9,49.4,68.1,140
2021-08-06,26.8,90.8,0.0,74.4,126
2021-08-07,26.5,84.0,34.9,75.9,140
2021-08-08,27.2,90.9,31.0,77.8,129
2021-08-09,29.8,93.4,17.4,65.4,92
2021-08-10,24.8,84.0,24.9,47.2,138
2021-08-11,27.9,84.7,0.0,78.4,114
2021-08-12,25.1,91.4,27.1,50.5,158
2021-08-13,26.5,88.7,12.6,67.6,112
2021-08-14,28.4,89.6,77.6,87.1,93
2021-08-15,27.2,88.8,12.3,72.8,123
2021-08-16,25.8,88.9,67.2,61.9,166
2021-08-17,26.3,82.8,20.2,63.5,155
2021-08-18,27.9,91.1,15.7,75.5,129
2021-08-19,26.3,91.4,64.4,70.5,86
2021-08-20,27.4,86.5,37.5,79.5,124
2021-08-21,27.2,87.0,48.0,74.0,132
2021-08-22,26.4,81.8,34.4,61.4,143
2021-08-23,29.7,88.9,34.2,73.8,143
2021-08-24,27.9,89.0,16.4,77.9,140
2021-08-25,24.7,86.7,9.9,54.4,118
2021-08-26,27.4,90.8,0.0,68.2,99
2021-08-27,26.4,85.6,37.2,69.4,135
2021-08-28,28.2,88.7,0.0,84.3,114
2021-08-29,26.3,83.1,110.2,65.2,116
2021-08-30,27.1,86.5,24.0,73.4,91
2021-08-31,27.9,85.9,0.0,77.7,88
2021-09-01,28.3,87.3,41.1,75.0,148
2021-09-02,25.8,85.1,28.3,59.6,88
2021-09-03,26.9,85.9,0.0,70.0,110
2021-09-04,26.7,89.2,7.0,67.3,149
2021-09-05,26.5,84.7,45.3,71.7,125
2021-09-06,29.4,80.5,0.0,66.0,118
2021-09-07,27.8,92.2,27.9,76.6,107
2021-09-08,25.8,90.8,11.4,63.8,132
2021-09-09,28.5,81.2,25.3,70.0,116
2021-09-10,30.0,87.8,35.6,59.7,131
2021-09-11,28.7,83.4,0.0,69.4,135
2021-09-12,25.7,85.8,9.3,55.8,108
2021-09-13,27.0,85.6,0.0,62.2,131
2021-09-14,29.1,83.4,29.9,64.2,122
2021-09-15,26.8,81.2,0.0,60.1,97
2021-09-16,28.2,81.3,0.0,73.0,103
2021-09-17,28.7,80.2,0.0,51.2,98
2021-09-18,26.7,80.2,13.3,58.7,168
2021-09-19,27.8,82.6,0.0,68.7,103
2021-09-20,24.0,80.0,102.2,33.7,122
2021-09-21,26.7,84.6,103.9,70.9,107
2021-09-22,27.7,87.2,0.0,74.2,129
2021-09-23,26.5,79.6,20.4,59.8,100
2021-09-24,30.0,82.3,17.2,50.0,123
2021-09-25,26.4,83.0,4.4,64.3,119
2021-09-26,27.6,82.7,66.5,69.4,99
2021-09-27,28.3,81.0,43.7,69.3,98
2021-09-28,29.9,83.2,0.0,60.5,148
2021-09-29,26.5,82.0,35.0,73.5,111
2021-09-30,29.6,75.8,38.2,69.7,121
2021-10-01,28.3,82.9,8.5,75.8,91
2021-10-02,27.1,82.8,0.0,70.4,91
2021-10-03,28.9,76.8,0.0,61.7,69
2021-10-04,28.6,79.4,0.0,70.4,81
2021-10-05,27.7,81.4,0.0,74.2,91
2021-10-06,28.5,78.0,0.0,62.5,92
2021-10-07,28.0,82.3,0.0,57.2,103
2021-10-08,28.6,86.6,0.0,69.2,69
2021-10-09,29.3,75.4,0.0,58.2,88
2021-10-10,30.4,72.9,0.0,31.8,88
2021-10-11,27.1,78.4,0.0,47.2,61
2021-10-12,31.1,79.4,0.0,34.1,104
2021-10-13,26.2,75.7,0.0,31.1,105
2021-10-14,28.4,81.2,0.0,11.5,88
2021-10-15,29.3,71.0,0.0,9.1,66
2021-10-16,28.9,77.7,0.0,3.4,98
2021-10-17,27.9,72.8,0.0,0.0,92
2021-10-18,28.4,80.5,0.0,0.0,127
2021-10-19,28.1,81.1,0.0,10.0,86
2021-10-20,27.9,71.0,0.0,7.5,116
2021-10-21,29.7,71.4,0.0,5.4,91
2021-10-22,29.1,75.9,3.3,6.7,115
2021-10-23,27.9,71.2,0.0,6.1,117
2021-10-24,29.7,72.2,0.0,3.6,89
2021-10-25,29.0,72.2,7.4,12.4,108
2021-10-26,29.6,65.3,0.0,2.3,98
2021-10-27,29.4,71.8,4.7,13.6,101
2021-10-28,27.6,69.2,0.0,15.0,84
2021-10-29,27.9,69.7,0.0,19.1,84
2021-10-30,29.4,76.3,0.0,18.2,94
2021-10-31,29.2,66.7,0.0,17.3,49
2021-11-01,28.5,73.8,0.0,23.9,58
2021-11-02,28.6,69.8,0.0,20.7,47
2021-11-03,30.0,69.6,0.0,16.4,49
2021-11-04,27.7,73.1,0.0,18.4,27
2021-11-05,29.1,71.4,0.0,10.8,17
2021-11-06,28.1,72.0,0.0,18.5,9
2021-11-07,28.1,73.2,0.0,22.8,6
2021-11-08,29.7,68.5,0.0,9.7,3
2021-11-09,29.2,67.2,3.0,17.9,13
2021-11-10,29.2,65.2,0.0,0.8,12
2021-11-11,29.7,65.8,0.0,2.2,9
2021-11-12,28.0,78.7,0.0,12.0,14
2021-11-13,28.8,72.4,0.0,9.0,18
2021-11-14,27.5,62.9,0.0,11.9,10
2021-11-15,28.2,62.7,0.0,6.6,17
2021-11-16,27.6,68.7,0.0,4.1,11
2021-11-17,27.7,68.6,0.0,6.7,10
2021-11-18,28.3,68.3,0.0,1.4,28
2021-11-19,26.5,65.1,0.0,2.3,31
2021-11-20,29.9,65.2,0.0,10.6,39
2021-11-21,26.1,66.5,0.0,10.4,28
2021-11-22,25.8,65.3,0.0,8.1,29
2021-11-23,28.6,56.9,0.0,0.0,45
2021-11-24,28.1,63.7,0.0,3.6,34
2021-11-25,27.8,61.4,0.0,0.1,28
2021-11-26,27.8,64.8,0.0,9.7,31
2021-11-27,26.9,74.5,0.0,2.7,24
2021-11-28,25.8,65.2,0.0,0.7,38
2021-11-29,26.9,62.6,0.0,5.1,19
2021-11-30,26.0,66.8,0.0,2.4,30
2021-12-01,27.9,65.1,0.0,10.9,6
2021-12-02,26.5,64.7,0.0,2.1,7
2021-12-03,25.6,65.2,0.0,0.0,22
2021-12-04,26.2,70.2,0.0,0.0,19
2021-12-05,27.0,58.8,0.0,4.9,24
2021-12-06,25.8,64.3,0.0,2.8,19
2021-12-07,25.4,59.2,0.0,0.0,13
2021-12-08,26.6,64.3,0.0,9.8,16
2021-12-09,26.6,59.0,0.0,7.7,10
2021-12-10,25.6,60.5,4.3,6.3,9
2021-12-11,25.5,60.7,0.0,11.9,20
2021-12-12,26.3,65.0,0.0,10.1,24
2021-12-13,24.2,64.6,0.0,3.1,22
2021-12-14,24.1,56.8,0.0,1.4,15
2021-12-15,24.9,61.2,0.0,9.5,13
2021-12-16,25.4,58.3,0.0,7.7,6
2021-12-17,25.9,56.2,0.0,6.6,19
2021-12-18,27.2,59.6,0.0,3.3,7
2021-12-19,26.4,59.1,0.0,8.9,10
2021-12-20,25.1,68.5,0.0,4.3,15
2021-12-21,25.2,61.3,0.0,6.0,12
2021-12-22,23.9,54.8,0.0,11.2,20
2021-12-23,25.0,57.4,0.0,3.2,4
2021-12-24,24.7,62.9,0.0,0.0,5
2021-12-25,25.4,66.6,0.0,0.8,8
2021-12-26,23.9,53.7,0.0,9.0,23
2021-12-27,25.5,52.6,0.0,6.0,20
2021-12-28,26.7,65.7,0.0,4.5,8
2021-12-29,24.7,60.5,0.0,3.0,12
2021-12-30,25.3,56.0,0.0,6.9,17
2021-12-31,25.6,60.9,0.0,1.6,9
2022-01-01,24.3,49.8,0.0,6.2,20
2022-01-02,25.0,58.9,0.0,2.1,24
2022-01-03,24.7,60.0,0.0,1.4,8
2022-01-04,24.8,62.1,0.0,2.5,4
2022-01-05,23.7,55.3,0.0,3.5,19
2022-01-06,24.6,59.1,0.0,4.8,23
2022-01-07,25.1,55.5,0.0,5.9,17
2022-01-08,26.2,59.6,0.0,0.0,17
2022-01-09,25.6,55.5,0.0,1.8,24
2022-01-10,27.1,57.1,0.0,3.4,12
2022-01-11,23.5,55.0,0.0,11.0,18
2022-01-12,25.5,60.8,0.0,0.7,13
2022-01-13,24.7,61.4,0.0,5.7,10
2022-01-14,27.1,57.6,0.0,11.0,12
2022-01-15,23.5,58.5,0.0,0.0,10
2022-01-16,23.5,53.2,0.0,6.6,24
2022-01-17,23.7,57.2,0.0,1.8,19
2022-01-18,21.9,58.0,0.0,3.0,20
2022-01-19,23.8,67.4,0.0,1.8,10
2022-01-20,23.6,54.2,0.0,2.1,22
2022-01-21,24.6,63.2,0.0,15.9,10
2022-01-22,24.9,61.5,0.0,8.4,23
2022-01-23,26.7,59.0,0.0,9.4,10
2022-01-24,25.6,64.2,0.0,7.0,9
2022-01-25,23.8,59.3,0.0,0.0,8
2022-01-26,23.5,59.4,0.0,6.6,20
2022-01-27,25.2,57.8,0.0,9.3,12
2022-01-28,23.0,62.3,0.0,1.6,15
2022-01-29,26.9,61.8,0.0,8.9,7
2022-01-30,26.1,55.8,0.0,7.8,13
2022-01-31,24.2,53.4,0.0,12.4,13
2022-02-01,22.7,57.3,0.0,3.3,22
2022-02-02,26.4,55.2,0.0,0.6,4
2022-02-03,24.7,57.8,0.0,3.6,15
2022-02-04,26.4,62.3,0.0,10.7,26
2022-02-05,23.0,56.4,0.0,0.0,19
2022-02-06,24.2,57.9,0.0,0.0,25
2022-02-07,25.0,58.3,0.0,5.4,10
2022-02-08,25.2,61.1,0.0,3.2,14
2022-02-09,24.7,50.4,0.0,5.0,10
2022-02-10,26.0,56.2,0.0,8.8,13
2022-02-11,24.1,59.2,0.0,2.8,39
2022-02-12,25.3,62.7,0.0,0.0,12
2022-02-13,25.7,56.9,0.0,13.2,17
2022-02-14,26.3,52.1,0.0,1.0,16
2022-02-15,26.6,61.0,0.0,0.8,4
2022-02-16,24.5,56.7,0.0,9.4,16
2022-02-17,24.1,54.8,0.0,3.5,21
2022-02-18,27.5,56.9,0.0,4.7,12
2022-02-19,26.5,58.5,0.0,6.9,22
2022-02-20,25.3,57.1,0.0,9.3,13
2022-02-21,28.1,51.6,0.0,3.7,23
2022-02-22,26.5,62.6,0.0,11.1,13
2022-02-23,27.9,64.0,0.0,0.0,6
2022-02-24,26.6,61.9,0.0,8.0,9
2022-02-25,29.0,55.7,0.0,1.6,20
2022-02-26,28.7,59.1,0.0,10.5,7
2022-02-27,26.4,59.8,0.0,5.6,9
2022-02-28,27.9,62.1,0.0,2.3,18
2022-03-01,27.6,62.4,0.0,7.7,5
2022-03-02,28.5,57.6,0.0,8.6,8
2022-03-03,25.7,60.5,0.0,7.6,14
2022-03-04,27.8,61.9,0.0,0.9,8
2022-03-05,28.3,65.5,0.0,3.1,7
2022-03-06,24.9,63.0,0.0,5.0,17
2022-03-07,25.7,63.3,0.0,4.8,5
2022-03-08,24.7,61.0,0.0,8.0,2
2022-03-09,26.9,65.7,0.0,0.0,14
2022-03-10,28.2,62.4,0.0,6.3,4
2022-03-11,29.2,58.2,0.0,3.8,12
2022-03-12,27.6,66.3,0.0,1.6,13
2022-03-13,29.6,64.1,0.0,2.0,15
2022-03-14,26.1,60.3,0.0,4.1,6
2022-03-15,25.8,60.4,0.0,0.0,27
2022-03-16,27.9,63.3,0.0,2.2,5
2022-03-17,28.5,64.2,0.0,1.5,20
2022-03-18,28.1,63.4,0.0,7.1,6
2022-03-19,25.7,64.1,0.0,1.8,19
2022-03-20,28.2,69.1,0.0,4.1,20
2022-03-21,26.9,67.2,0.0,11.2,12
2022-03-22,29.3,64.3,0.0,9.0,18
2022-03-23,29.1,67.2,0.0,8.6,22
2022-03-24,27.5,60.4,0.0,3.0,14
2022-03-25,28.1,65.5,0.0,7.2,1
2022-03-26,27.5,70.6,0.0,4.1,12
2022-03-27,28.7,63.6,0.0,4.2,12
2022-03-28,30.0,61.6,0.0,6.6,9
2022-03-29,27.7,62.4,0.0,2.6,17
2022-03-30,29.5,61.0,0.0,11.0,2
2022-03-31,28.3,62.2,0.0,4.4,14
2022-04-01,28.1,63.8,0.0,7.5,13
2022-04-02,28.9,60.3,0.0,10.8,5
2022-04-03,27.9,65.4,0.0,9.1,10
2022-04-04,28.5,68.6,0.0,0.0,12
2022-04-05,27.8,62.4,0.0,6.8,3
2022-04-06,31.6,71.1,0.0,8.4,8
2022-04-07,29.3,67.7,0.0,8.6,6
2022-04-08,28.5,69.6,0.0,0.5,19
2022-04-09,29.7,63.9,0.0,2.4,8
2022-04-10,29.4,69.4,0.0,9.0,10
2022-04-11,29.3,62.8,0.0,2.0,14
2022-04-12,30.4,70.0,0.0,3.8,24
2022-04-13,30.6,67.7,0.0,11.3,16
2022-04-14,29.2,69.3,0.0,4.8,8
2022-04-15,29.2,63.4,0.0,2.1,10
2022-04-16,29.6,64.6,1.3,2.3,9
2022-04-17,27.3,70.1,0.0,7.5,6
2022-04-18,28.3,64.9,0.0,0.6,12
2022-04-19,31.8,70.1,0.0,4.6,8
2022-04-20,32.2,63.9,0.0,6.7,18
2022-04-21,30.0,71.9,0.0,11.3,8
2022-04-22,31.1,64.8,0.0,8.2,16
2022-04-23,30.9,71.3,0.0,3.0,18
2022-04-24,34.2,71.6,0.0,9.9,11
2022-04-25,31.9,67.1,0.0,4.3,8
2022-04-26,30.4,71.6,0.0,1.0,15
2022-04-27,29.5,70.6,0.0,5.4,17
2022-04-28,28.7,67.9,0.0,11.8,19
2022-04-29,30.9,66.3,0.0,6.3,4
2022-04-30,29.8,63.1,0.0,5.1,7
2022-05-01,29.1,71.3,0.0,11.5,13
2022-05-02,30.0,64.7,0.0,0.0,8
2022-05-03,29.5,70.6,7.1,5.5,13
2022-05-04,32.9,69.4,0.0,0.3,17
2022-05-05,32.0,72.8,0.0,9.6,11
2022-05-06,30.9,69.4,0.0,9.6,6
2022-05-07,32.7,69.4,0.0,13.2,8
2022-05-08,31.1,73.2,0.0,10.3,13
2022-05-09,30.0,71.9,0.0,8.8,3
2022-05-10,32.8,72.2,0.0,7.2,11
2022-05-11,31.6,73.1,0.0,9.1,11
2022-05-12,29.7,66.4,0.0,2.6,19
2022-05-13,30.7,74.7,0.0,20.9,12
2022-05-14,29.9,74.6,0.0,13.2,13
2022-05-15,29.2,69.2,0.0,11.3,15
2022-05-16,32.0,72.2,0.0,10.5,12
2022-05-17,33.1,73.3,0.0,7.8,5
2022-05-18,29.2,73.3,0.0,4.4,6
2022-05-19,31.5,75.3,0.0,2.5,17
2022-05-20,30.0,79.4,0.0,7.4,9
2022-05-21,30.2,78.5,0.0,6.5,9
2022-05-22,30.0,70.5,0.0,1.8,15
2022-05-23,29.7,77.6,0.0,10.7,0
2022-05-24,30.7,80.3,0.0,6.2,11
2022-05-25,29.6,77.3,0.0,7.9,6
2022-05-26,30.9,80.0,0.0,10.6,18
2022-05-27,30.4,83.4,0.0,5.1,16
2022-05-28,30.2,80.2,0.0,6.3,27
2022-05-29,29.3,77.8,0.0,8.2,16
2022-05-30,29.6,80.8,0.0,2.1,13
2022-05-31,31.2,77.9,0.0,5.2,16
2022-06-01,30.8,77.7,0.0,5.5,28
2022-06-02,29.0,76.6,11.8,12.5,21
2022-06-03,30.2,83.6,40.2,43.5,54
2022-06-04,31.0,75.5,1.0,20.5,49
2022-06-05,28.0,84.0,10.6,41.2,55
2022-06-06,30.6,80.6,0.0,38.8,32
2022-06-07,29.1,74.2,10.2,43.1,30
2022-06-08,30.5,80.6,32.9,37.3,24
2022-06-09,28.8,72.3,139.0,57.0,29
2022-06-10,27.5,82.2,25.1,74.8,29
2022-06-11,27.6,83.5,44.4,71.6,33
2022-06-12,29.5,78.7,0.0,72.0,12
2022-06-13,29.7,81.5,3.9,55.3,39
2022-06-14,28.2,88.3,29.3,78.0,25
2022-06-15,29.9,80.1,9.9,64.9,34
2022-06-16,27.1,78.5,11.9,70.4,36
2022-06-17,28.9,87.7,23.8,71.4,28
2022-06-18,27.4,89.8,20.5,73.8,30
2022-06-19,28.0,83.3,16.3,75.4,33
2022-06-20,28.7,87.1,0.0,77.1,10
2022-06-21,27.6,88.7,0.0,77.6,16
2022-06-22,28.0,81.7,28.4,76.3,28
2022-06-23,29.6,83.0,0.0,55.7,33
2022-06-24,27.7,89.1,26.5,68.5,84
2022-06-25,29.3,90.8,13.3,59.0,43
2022-06-26,26.9,87.0,9.3,62.4,74
2022-06-27,28.9,82.0,0.0,66.6,67
2022-06-28,29.9,92.2,18.3,57.8,78
2022-06-29,25.2,83.5,0.0,55.5,59
2022-06-30,27.2,84.3,0.0,62.2,98
2022-07-01,28.8,86.8,61.7,65.9,138
2022-07-02,27.8,91.1,94.9,73.4,127
2022-07-03,28.4,88.8,95.8,72.4,133
2022-07-04,27.2,87.3,177.1,76.2,104
2022-07-05,28.0,87.6,133.8,84.9,128
2022-07-06,27.7,86.3,0.0,79.7,103
2022-07-07,29.2,88.2,34.8,72.3,121
2022-07-08,28.1,77.5,108.0,69.5,126
2022-07-09,28.2,85.4,0.0,78.1,107
2022-07-10,27.2,87.4,45.4,79.1,134
2022-07-11,27.1,82.6,40.8,80.7,119
2022-07-12,27.1,88.1,86.0,73.8,141
2022-07-13,28.1,86.2,97.1,80.6,122
2022-07-14,27.0,93.1,38.7,80.9,103
2022-07-15,27.8,92.6,57.9,76.5,122
2022-07-16,29.9,85.6,0.0,65.5,121
2022-07-17,28.4,86.8,61.4,78.3,102
2022-07-18,27.0,87.2,18.9,73.9,119
2022-07-19,28.8,86.0,44.3,77.9,104
2022-07-20,26.8,88.3,60.3,75.1,118
2022-07-21,24.8,85.1,56.2,47.9,122
2022-07-22,26.0,83.9,22.7,66.9,127
2022-07-23,24.9,90.2,57.6,59.4,128
2022-07-24,26.7,90.2,98.0,82.3,123
2022-07-25,27.2,85.2,201.2,71.0,140
2022-07-26,29.1,91.1,9.0,80.5,163
2022-07-27,27.5,85.8,29.6,78.8,121
2022-07-28,26.9,88.9,48.0,77.9,115
2022-07-29,28.1,90.9,40.1,80.5,122
2022-07-30,24.5,87.9,28.1,47.2,102
2022-07-31,27.4,89.6,54.9,81.2,146
2022-08-01,28.0,86.2,48.2,78.6,130
2022-08-02,25.3,87.3,0.0,54.5,119
2022-08-03,28.5,87.3,42.5,78.2,141
2022-08-04,27.5,85.4,48.1,80.0,133
2022-08-05,26.6,87.4,16.4,76.2,116
2022-08-06,27.8,82.6,63.5,81.6,97
2022-08-07,29.8,86.3,39.6,66.9,123
2022-08-08,27.3,87.0,21.3,77.4,106
2022-08-09,27.4,87.1,0.0,80.5,122
2022-08-10,26.5,87.1,7.5,74.6,108
2022-08-11,26.1,87.7,65.4,65.9,94
2022-08-12,28.1,89.5,22.3,77.4,109
2022-08-13,26.1,90.8,44.8,67.6,126
2022-08-14,27.2,85.4,43.1,70.0,147
2022-08-15,26.5,83.4,53.4,67.6,130
2022-08-16,27.7,83.9,55.8,79.7,124
2022-08-17,27.5,85.8,22.2,79.4,143
2022-08-18,28.4,86.2,22.9,75.9,135
2022-08-19,26.5,84.6,0.0,69.8,109
2022-08-20,26.8,82.7,28.2,66.5,81
2022-08-21,26.0,85.6,82.6,67.0,166
2022-08-22,26.6,87.8,0.0,70.6,107
2022-08-23,27.6,89.1,36.3,77.0,81
2022-08-24,28.1,85.0,0.0,75.4,110
2022-08-25,26.1,85.5,33.8,64.7,149
2022-08-26,28.2,83.6,38.8,73.9,148
2022-08-27,28.8,86.7,6.5,77.1,133
2022-08-28,27.7,83.8,5.0,72.5,96
2022-08-29,29.5,88.7,22.5,74.6,136
2022-08-30,26.3,80.3,18.4,67.2,130
2022-08-31,25.8,85.3,101.2,56.9,118
2022-09-01,25.1,87.5,8.9,52.2,107
2022-09-02,29.1,87.0,14.8,69.5,155
2022-09-03,28.1,95.8,0.0,76.1,136
2022-09-04,27.2,87.5,5.9,79.1,132
2022-09-05,27.6,82.7,2.3,69.2,112
2022-09-06,26.0,85.8,0.0,60.7,126
2022-09-07,30.3,79.8,37.2,56.2,138
2022-09-08,27.5,85.7,30.8,67.7,106
2022-09-09,27.5,82.8,0.0,65.1,107
2022-09-10,28.3,88.6,0.0,66.3,120
2022-09-11,28.0,83.2,0.0,65.4,108
2022-09-12,27.8,84.4,9.8,57.4,114
2022-09-13,26.6,82.3,87.7,67.0,130
2022-09-14,28.2,90.4,0.0,76.9,122
2022-09-15,29.9,82.9,10.1,56.7,102
2022-09-16,29.3,90.1,0.0,57.0,97
2022-09-17,29.6,86.2,4.2,56.9,149
2022-09-18,27.2,84.8,28.8,64.2,129
2022-09-19,26.6,84.1,46.9,60.0,132
2022-09-20,27.7,83.9,0.0,73.2,97
2022-09-21,28.0,75.5,45.4,65.6,100
2022-09-22,29.3,81.0,0.0,57.4,85
2022-09-23,26.0,84.6,0.0,60.6,138
2022-09-24,29.9,81.3,26.7,64.3,139
2022-09-25,27.9,76.3,10.7,71.4,133
2022-09-26,27.6,80.8,42.7,80.8,114
2022-09-27,26.9,86.7,17.2,62.7,95
2022-09-28,26.2,84.9,0.0,71.1,93
2022-09-29,29.2,80.1,39.3,61.9,111
2022-09-30,28.3,83.4,93.1,70.7,102
2022-10-01,26.7,78.6,0.0,65.4,87
2022-10-02,26.7,73.7,0.0,54.5,103
2022-10-03,27.9,76.2,0.0,65.4,107
2022-10-04,30.4,84.7,0.0,49.6,95
2022-10-05,28.1,78.0,0.0,63.0,118
2022-10-06,26.6,77.9,0.0,63.6,89
2022-10-07,28.2,77.5,7.2,63.5,78
2022-10-08,28.2,85.0,0.0,68.4,92
2022-10-09,25.3,83.8,0.0,49.9,96
2022-10-10,28.5,85.5,0.0,67.7,98
2022-10-11,28.3,76.8,0.0,49.0,118
2022-10-12,29.4,77.9,0.0,54.5,86
2022-10-13,30.8,71.2,0.0,29.8,78
2022-10-14,29.9,81.3,0.0,12.7,85
2022-10-15,28.3,71.6,0.0,15.9,99
2022-10-16,27.3,76.1,0.0,7.7,108
2022-10-17,31.7,71.1,0.0,4.3,123
2022-10-18,28.7,72.5,24.0,18.7,97
2022-10-19,28.7,71.2,0.0,23.2,108
2022-10-20,28.6,71.6,3.3,32.5,89
2022-10-21,28.9,71.4,0.0,23.0,109
2022-10-22,28.5,71.0,0.0,18.3,90
2022-10-23,28.0,75.4,0.0,25.0,85
2022-10-24,28.0,68.5,4.2,17.4,91
2022-10-25,28.6,72.9,0.0,22.5,74
2022-10-26,28.0,76.2,0.0,31.2,92
2022-10-27,27.7,70.0,0.0,20.1,98
2022-10-28,28.7,69.1,0.0,28.0,81
2022-10-29,28.2,70.6,0.0,25.1,104
2022-10-30,30.3,75.4,0.0,24.0,72
2022-10-31,25.3,71.8,0.0,18.9,107
2022-11-01,29.8,69.1,0.0,13.3,84
2022-11-02,30.0,72.4,0.0,14.0,91
2022-11-03,26.0,66.7,0.0,8.9,36
2022-11-04,28.0,72.8,0.0,11.5,25
2022-11-05,28.0,71.6,0.0,8.2,26
2022-11-06,26.7,68.9,0.0,10.5,10
2022-11-07,27.4,66.9,0.0,3.6,13
2022-11-08,27.0,66.6,0.0,5.0,33
2022-11-09,30.4,71.2,0.0,3.9,33
2022-11-10,29.3,73.3,0.0,3.2,37
2022-11-11,29.6,66.4,0.0,2.2,27
2022-11-12,28.9,69.9,0.0,6.9,37
2022-11-13,26.6,60.7,0.0,10.2,40
2022-11-14,27.2,65.6,0.0,9.7,25
2022-11-15,28.4,67.2,0.0,0.0,34
2022-11-16,26.2,63.8,0.0,10.2,47
2022-11-17,28.5,63.4,0.0,3.7,23
2022-11-18,27.3,64.0,0.0,7.4,35
2022-11-19,27.0,67.0,2.5,3.2,43
2022-11-20,28.3,65.0,0.0,7.3,37
2022-11-21,27.9,57.5,0.0,7.1,35
2022-11-22,26.8,57.6,0.0,0.0,27
2022-11-23,28.6,62.5,0.0,8.8,23
2022-11-24,25.8,66.1,0.0,11.8,24
2022-11-25,27.8,54.7,0.0,4.9,17
2022-11-26,27.7,62.5,0.0,11.8,14
2022-11-27,26.6,62.2,0.0,5.5,11
2022-11-28,27.3,68.7,0.0,10.5,9
2022-11-29,25.3,62.4,0.0,0.0,6
2022-11-30,27.9,64.9,0.0,16.4,13
2022-12-01,26.5,63.9,0.0,12.4,7
2022-12-02,26.0,55.8,0.0,4.4,11
2022-12-03,27.9,65.8,0.0,0.0,11
2022-12-04,25.7,63.7,0.0,6.2,22
2022-12-05,24.8,64.6,0.0,0.0,22
2022-12-06,24.6,76.4,0.0,6.8,9
2022-12-07,27.1,55.2,0.0,6.6,16
2022-12-08,24.8,68.4,0.0,1.2,10
2022-12-09,28.4,61.2,0.0,9.5,20
2022-12-10,23.7,63.0,0.0,8.2,20
2022-12-11,28.1,61.6,0.0,8.9,18
2022-12-12,26.3,60.1,0.0,5.0,17
2022-12-13,25.8,59.4,0.0,0.0,5
2022-12-14,25.2,62.3,0.0,8.9,17
2022-12-15,26.2,55.7,0.0,3.9,29
2022-12-16,25.6,63.4,0.0,0.0,15
2022-12-17,26.9,59.1,0.0,10.4,18
2022-12-18,25.6,56.4,0.0,13.4,9
2022-12-19,25.6,58.6,0.0,4.8,23
2022-12-20,24.9,64.4,0.0,13.6,6
2022-12-21,25.1,57.9,0.0,5.4,31
2022-12-22,25.5,60.8,0.0,3.5,29
2022-12-23,23.0,56.8,0.0,2.5,10
2022-12-24,23.4,62.0,0.0,11.5,15
2022-12-25,25.9,61.7,0.0,1.9,15
2022-12-26,25.1,65.7,0.0,7.9,4
2022-12-27,24.7,58.6,0.0,2.8,17
2022-12-28,24.9,61.5,0.0,3.2,16
2022-12-29,25.3,59.5,0.0,9.1,6
2022-12-30,24.2,63.6,0.0,3.5,18
2022-12-31,23.8,56.5,0.0,3.4,15
2023-01-01,25.0,61.6,0.0,9.5,18
2023-01-02,23.5,58.3,0.0,11.4,11
2023-01-03,25.2,58.7,0.0,7.6,22
2023-01-04,22.6,59.2,0.0,2.4,25
2023-01-05,25.8,59.7,0.0,3.0,15
2023-01-06,25.1,58.3,0.0,5.3,4
2023-01-07,24.8,59.5,0.0,6.3,24
2023-01-08,25.7,64.2,0.3,1.2,36
2023-01-09,26.5,62.1,0.0,8.0,17
2023-01-10,25.7,61.6,0.0,5.5,28
2023-01-11,22.3,56.9,0.0,0.0,24
2023-01-12,22.9,55.4,0.0,1.3,17
2023-01-13,23.7,61.8,0.0,3.0,15
2023-01-14,24.5,61.5,0.0,4.8,27
2023-01-15,25.1,63.5,0.0,12.7,14
2023-01-16,23.6,56.2,0.0,6.0,35
2023-01-17,24.7,57.5,0.0,1.7,21
2023-01-18,23.6,52.5,0.0,5.9,17
2023-01-19,23.7,56.8,0.0,3.6,21
2023-01-20,22.8,61.6,0.0,6.3,19
2023-01-21,23.4,56.5,0.0,7.4,16
2023-01-22,22.8,60.3,0.0,9.8,33
2023-01-23,23.3,57.3,1.0,5.0,30
2023-01-24,25.8,59.1,0.0,11.9,21
2023-01-25,23.4,54.0,0.0,8.7,12
2023-01-26,27.7,58.3,0.0,2.5,9
2023-01-27,25.2,47.5,0.0,13.9,22
2023-01-28,24.9,57.3,0.0,6.5,24
2023-01-29,23.6,52.3,0.0,1.7,11
2023-01-30,25.5,62.2,0.0,12.0,15
2023-01-31,24.0,60.7,0.0,13.5,14
2023-02-01,24.9,59.6,0.0,5.1,14
2023-02-02,27.9,63.3,0.0,3.6,3
2023-02-03,24.7,54.7,0.0,4.5,12
2023-02-04,26.2,64.1,0.0,8.4,13
2023-02-05,24.1,61.3,0.0,10.4,34
2023-02-06,24.9,57.2,0.0,7.3,15
2023-02-07,27.1,62.1,0.0,5.4,11
2023-02-08,24.4,54.3,0.0,11.0,18
2023-02-09,27.4,55.4,0.0,3.7,11
2023-02-10,26.1,56.2,0.0,9.1,15
2023-02-11,24.7,56.6,0.0,3.8,23
2023-02-12,26.2,54.8,0.0,6.7,17
2023-02-13,26.7,62.9,0.0,4.5,10
2023-02-14,26.4,57.8,0.0,4.8,24
2023-02-15,23.8,60.0,0.0,3.5,21
2023-02-16,24.9,56.9,0.0,10.4,9
2023-02-17,25.6,52.6,0.0,2.1,25
2023-02-18,25.9,60.0,0.0,2.0,15
2023-02-19,26.8,52.5,0.0,13.5,10
2023-02-20,26.4,59.0,0.0,8.9,22
2023-02-21,24.7,54.5,0.0,0.0,23
2023-02-22,26.8,66.4,0.0,2.7,13
2023-02-23,27.2,62.7,0.0,0.0,12
2023-02-24,27.2,60.0,0.0,1.2,14
2023-02-25,27.9,64.1,0.0,0.0,15
2023-02-26,27.6,56.8,0.0,4.5,17
2023-02-27,27.2,61.8,0.0,0.4,17
2023-02-28,26.6,60.7,0.0,5.2,17
2023-03-01,24.8,61.0,0.0,0.0,22
2023-03-02,27.3,64.6,0.0,5.3,13
2023-03-03,27.1,62.8,0.0,3.3,11
2023-03-04,27.3,61.3,0.0,11.0,9
2023-03-05,25.5,54.6,0.0,10.6,17
2023-03-06,25.8,57.1,0.0,8.1,10
2023-03-07,28.4,60.1,0.0,3.7,7
2023-03-08,27.1,61.0,0.0,12.9,14
2023-03-09,28.0,56.8,0.0,0.0,17
2023-03-10,27.4,69.4,0.0,0.0,9
2023-03-11,27.5,66.5,0.0,4.7,7
2023-03-12,28.6,63.5,0.0,14.0,22
2023-03-13,27.0,61.9,0.0,4.2,18
2023-03-14,27.8,61.1,0.0,4.3,9
2023-03-15,27.3,58.8,0.0,0.0,13
2023-03-16,27.4,62.6,0.0,8.8,4
2023-03-17,27.7,63.4,0.0,8.8,5
2023-03-18,28.4,58.4,0.0,8.2,5
2023-03-19,27.6,64.1,0.0,2.5,12
2023-03-20,29.8,62.7,0.0,2.2,6
2023-03-21,27.3,56.7,0.0,0.0,8
2023-03-22,28.3,60.6,0.0,5.3,3
2023-03-23,28.1,62.4,0.0,0.7,10
2023-03-24,30.4,70.6,0.0,0.3,9
2023-03-25,28.9,66.1,0.0,3.3,10
2023-03-26,30.0,59.6,0.0,3.0,16
2023-03-27,27.0,66.1,0.0,2.8,21
2023-03-28,29.2,59.1,0.0,6.9,12
2023-03-29,30.0,68.5,0.0,5.3,17
2023-03-30,29.0,63.2,0.0,3.8,1
2023-03-31,30.3,64.6,0.0,5.7,3
2023-04-01,28.4,69.7,0.0,1.0,15
2023-04-02,30.8,60.7,0.0,5.4,28
2023-04-03,31.9,60.4,0.0,5.6,8
2023-04-04,28.7,63.4,0.0,0.0,10
2023-04-05,28.7,69.2,0.0,9.0,4
2023-04-06,31.0,60.4,0.0,1.5,17
2023-04-07,31.2,56.0,0.0,5.4,24
2023-04-08,28.7,64.4,0.0,9.7,11
2023-04-09,28.9,68.2,0.0,8.7,7
2023-04-10,29.2,70.6,0.0,5.1,13
2023-04-11,28.0,65.0,0.0,3.6,5
2023-04-12,28.5,65.4,0.0,8.8,10
2023-04-13,28.5,71.1,0.0,7.7,5
2023-04-14,28.9,60.8,0.0,2.5,6
2023-04-15,29.8,66.2,0.0,1.8,5
2023-04-16,30.2,68.4,0.0,0.0,2
2023-04-17,31.9,69.6,0.0,5.6,8
2023-04-18,28.9,66.4,0.0,4.7,14
2023-04-19,31.4,68.6,0.0,9.5,11
2023-04-20,30.0,60.0,0.0,6.4,8
2023-04-21,30.3,66.6,0.0,10.3,13
2023-04-22,31.2,70.7,0.0,2.2,10
2023-04-23,29.2,65.9,0.0,9.6,12
2023-04-24,31.0,69.6,0.0,2.9,14
2023-04-25,30.8,71.1,0.0,8.1,2
2023-04-26,31.2,68.4,0.0,0.0,11
2023-04-27,31.0,70.3,0.0,5.9,6
2023-04-28,33.6,66.4,0.0,0.0,18
2023-04-29,29.9,69.1,0.0,3.9,13
2023-04-30,30.1,72.1,0.0,6.8,16
2023-05-01,30.0,70.6,3.1,5.3,16
2023-05-02,30.1,68.1,0.0,2.9,7
2023-05-03,30.1,71.0,0.0,10.8,9
2023-05-04,32.3,72.8,0.0,5.9,10
2023-05-05,32.6,63.2,27.5,7.4,4
2023-05-06,30.2,74.5,6.7,25.9,5
2023-05-07,30.0,69.4,0.0,33.2,5
2023-05-08,31.6,72.2,0.0,22.4,15
2023-05-09,30.4,74.9,0.0,29.6,13
2023-05-10,31.8,66.3,0.0,15.5,24
2023-05-11,31.2,68.9,0.0,18.3,13
2023-05-12,29.1,70.7,0.0,17.0,27
2023-05-13,32.8,69.3,0.0,9.1,5
2023-05-14,33.1,78.5,0.0,11.0,16
2023-05-15,30.2,69.8,0.0,13.8,6
2023-05-16,30.4,71.1,0.0,16.9,15
2023-05-17,31.2,74.1,0.0,11.9,4
2023-05-18,31.2,69.5,0.0,17.2,13
2023-05-19,31.6,72.7,0.0,11.7,7
2023-05-20,33.2,75.5,0.0,9.4,10
2023-05-21,30.6,73.6,0.0,6.7,14
2023-05-22,29.8,74.8,0.0,1.1,8
2023-05-23,29.1,73.6,0.0,0.0,14
2023-05-24,29.8,70.4,0.0,0.0,23
2023-05-25,30.6,77.0,0.0,0.0,8
2023-05-26,32.7,82.3,0.0,1.4,16
2023-05-27,29.9,76.5,0.0,4.4,40
2023-05-28,30.7,77.4,0.0,0.9,52
2023-05-29,30.4,79.3,0.0,6.4,29
2023-05-30,31.8,72.7,0.0,4.1,40
2023-05-31,33.3,83.3,0.0,5.0,26
2023-06-01,29.6,78.3,0.0,9.6,26
2023-06-02,29.6,83.6,0.0,0.3,36
2023-06-03,31.4,75.5,59.2,26.4,28
2023-06-04,30.9,84.7,27.4,36.4,33
2023-06-05,32.2,81.3,14.1,24.2,30
2023-06-06,30.6,80.8,15.2,45.2,41
2023-06-07,29.5,79.9,48.6,58.9,38
2023-06-08,30.5,78.5,15.3,42.6,48
2023-06-09,31.1,83.9,0.0,41.7,26
2023-06-10,30.6,80.5,13.9,48.5,42
2023-06-11,30.2,73.5,10.3,44.3,31
2023-06-12,30.7,76.8,48.3,48.3,17
2023-06-13,30.8,80.5,24.6,49.3,25
2023-06-14,30.9,82.6,25.4,56.0,16
2023-06-15,29.9,81.6,0.0,53.7,10
2023-06-16,28.9,86.4,17.5,70.6,24
2023-06-17,29.1,75.7,9.3,55.9,21
2023-06-18,30.3,83.4,23.1,57.6,19
2023-06-19,27.8,76.9,0.0,57.2,14
2023-06-20,29.1,86.3,58.9,70.3,20
2023-06-21,28.1,83.6,15.8,67.6,39
2023-06-22,28.5,85.8,16.7,67.6,38
2023-06-23,29.9,81.6,0.0,52.7,19
2023-06-24,28.6,89.3,38.5,70.5,41
2023-06-25,28.4,88.5,23.6,77.7,58
2023-06-26,26.6,87.0,27.4,66.2,60
2023-06-27,29.1,84.7,30.0,70.4,82
2023-06-28,29.0,87.3,28.8,76.4,97
2023-06-29,30.8,82.9,13.7,51.2,91
2023-06-30,27.8,88.4,19.4,71.6,83
2023-07-01,28.3,91.3,70.5,78.2,83
2023-07-02,28.3,89.4,17.1,73.5,84
2023-07-03,29.9,83.2,84.0,61.8,92
2023-07-04,27.8,87.2,75.4,71.4,86
2023-07-05,28.3,81.5,35.9,78.1,105
2023-07-06,28.6,88.1,91.5,76.5,97
2023-07-07,28.1,87.8,44.1,80.5,110
2023-07-08,27.3,79.8,47.0,69.0,81
2023-07-09,28.0,82.4,0.0,78.6,95
2023-07-10,29.0,85.6,37.8,72.2,111
2023-07-11,26.4,85.6,56.6,69.8,138
2023-07-12,27.8,82.5,79.5,81.1,107
2023-07-13,26.7,88.3,4.8,77.8,123
2023-07-14,29.0,87.9,31.9,76.9,76
2023-07-15,25.7,86.4,92.7,55.9,123
2023-07-16,26.8,84.6,44.3,86.4,131
2023-07-17,27.9,91.0,31.3,88.4,105
2023-07-18,29.2,93.2,0.0,78.8,115
2023-07-19,27.2,85.9,46.4,73.8,143
2023-07-20,26.6,85.5,0.0,70.6,98
2023-07-21,29.5,89.5,218.2,71.1,132
2023-07-22,25.4,86.6,81.1,64.2,124
2023-07-23,24.5,87.5,11.5,47.6,132
2023-07-24,27.7,90.6,147.9,79.2,116
2023-07-25,26.5,81.3,4.3,68.2,144
2023-07-26,25.9,92.6,129.8,72.3,139
2023-07-27,28.0,88.3,28.8,88.6,157
2023-07-28,27.4,86.6,87.6,86.6,135
2023-07-29,26.4,87.7,54.2,75.9,111
2023-07-30,25.6,87.9,69.0,62.1,124
2023-07-31,28.1,81.9,0.0,65.7,111
2023-08-01,27.9,93.2,32.7,84.8,119
2023-08-02,27.0,88.1,49.1,78.6,129
2023-08-03,29.3,89.6,16.4,77.2,105
2023-08-04,25.8,91.3,16.7,65.9,133
2023-08-05,25.2,84.4,4.8,49.8,89
2023-08-06,26.2,89.7,132.5,72.8,153
2023-08-07,27.0,87.1,80.8,79.5,174
2023-08-08,27.4,91.0,23.2,83.3,127
2023-08-09,26.8,80.6,9.0,74.5,126
2023-08-10,27.5,87.6,77.2,81.8,106
2023-08-11,25.6,85.8,30.4,59.0,131
2023-08-12,28.8,89.3,18.4,77.2,110
2023-08-13,27.0,89.4,9.9,75.8,81
2023-08-14,28.4,85.2,65.3,78.2,125
2023-08-15,27.5,85.1,0.0,80.9,99
2023-08-16,27.7,87.1,54.4,81.1,113
2023-08-17,27.8,84.3,47.2,86.0,151
2023-08-18,27.7,90.3,0.0,88.5,131
2023-08-19,27.9,86.0,46.0,79.3,128
2023-08-20,28.7,77.1,0.0,52.8,108
2023-08-21,27.4,85.9,28.5,79.7,101
2023-08-22,28.0,83.5,0.0,72.1,149
2023-08-23,27.0,81.4,20.4,66.6,146
2023-08-24,28.9,82.7,39.0,68.8,131
2023-08-25,26.4,87.3,139.0,67.3,128
2023-08-26,29.4,91.5,27.5,74.7,85
2023-08-27,27.2,87.9,0.0,69.5,101
2023-08-28,25.5,84.6,19.8,52.6,122
2023-08-29,27.4,88.3,52.5,78.3,159
2023-08-30,26.4,85.0,44.9,70.7,110
2023-08-31,28.3,84.1,50.0,78.5,132
2023-09-01,26.5,82.4,18.4,64.9,103
2023-09-02,26.7,80.3,0.0,63.6,119
2023-09-03,25.0,85.0,30.9,49.0,115
2023-09-04,26.7,86.8,2.0,72.3,143
2023-09-05,24.4,85.9,0.0,48.8,136
2023-09-06,25.4,84.7,17.4,47.7,124
2023-09-07,28.2,82.8,0.0,73.2,137
2023-09-08,28.3,88.1,0.0,66.5,146
2023-09-09,27.9,81.1,22.5,61.7,144
2023-09-10,26.3,88.1,60.2,69.0,101
2023-09-11,27.4,81.6,0.0,71.4,126
2023-09-12,27.5,82.2,17.5,70.4,127
2023-09-13,26.2,79.4,0.0,59.7,95
2023-09-14,29.4,82.5,0.0,56.2,100
2023-09-15,28.7,87.4,31.2,63.5,112
2023-09-16,27.4,85.5,71.1,78.2,123
2023-09-17,27.8,86.8,16.5,69.3,117
2023-09-18,28.0,84.9,26.2,73.8,92
2023-09-19,25.4,79.0,0.6,49.2,153
2023-09-20,27.6,81.4,36.9,61.7,140
2023-09-21,27.1,79.5,16.2,57.9,133
2023-09-22,26.8,86.6,0.0,66.1,109
2023-09-23,27.7,77.5,0.0,69.5,96
2023-09-24,30.2,84.6,26.6,59.1,96
2023-09-25,28.8,84.3,0.0,71.2,108
2023-09-26,27.4,87.4,7.6,65.2,105
2023-09-27,28.8,79.3,65.4,72.8,92
2023-09-28,29.8,83.0,15.7,58.1,115
2023-09-29,29.3,88.3,33.6,69.6,121
2023-09-30,28.3,77.9,0.0,64.4,101
2023-10-01,27.5,74.5,0.0,57.9,113
2023-10-02,29.1,73.1,0.0,58.0,92
2023-10-03,28.8,81.9,0.0,61.0,91
2023-10-04,29.4,72.6,0.0,42.5,95
2023-10-05,29.2,77.7,4.3,54.6,91
2023-10-06,29.7,80.3,0.0,51.5,85
2023-10-07,27.8,79.2,0.0,73.0,118
2023-10-08,30.1,79.8,0.0,49.5,103
2023-10-09,28.8,78.9,35.3,56.8,108
2023-10-10,31.0,82.2,0.0,37.3,72
2023-10-11,27.7,74.0,7.0,38.8,96
2023-10-12,30.6,74.5,9.4,30.3,79
2023-10-13,28.8,73.8,0.0,36.8,103
2023-10-14,27.8,79.0,0.0,47.2,98
2023-10-15,28.0,78.9,0.0,46.0,79
2023-10-16,28.2,76.9,0.0,41.0,108
2023-10-17,29.1,79.1,0.0,38.2,92
2023-10-18,29.3,70.4,0.0,32.2,109
2023-10-19,28.0,79.9,0.0,38.5,83
2023-10-20,28.6,79.0,0.0,46.3,116
2023-10-21,31.2,75.9,9.1,25.8,82
2023-10-22,30.8,79.1,0.0,30.6,96
2023-10-23,29.2,66.7,13.3,13.7,97
2023-10-24,28.7,70.5,0.0,26.9,80
2023-10-25,28.8,69.6,20.1,33.8,68
2023-10-26,29.4,74.5,0.0,26.5,91
2023-10-27,27.4,68.1,0.0,23.3,86
2023-10-28,28.3,74.3,0.0,36.3,121
2023-10-29,26.6,76.2,0.0,26.1,91
2023-10-30,29.0,73.7,0.0,35.6,76
2023-10-31,29.3,72.1,0.0,27.0,55
2023-11-01,27.9,67.5,0.0,24.3,49
2023-11-02,30.4,67.8,0.0,16.5,42
2023-11-03,27.0,74.9,0.0,33.9,68
2023-11-04,26.7,73.1,0.0,36.4,67
2023-11-05,28.7,70.1,0.0,28.4,69
2023-11-06,29.6,68.6,0.0,13.4,64
2023-11-07,30.4,62.8,0.0,16.3,66
2023-11-08,27.8,65.9,11.5,11.0,62
2023-11-09,29.5,76.0,0.0,20.8,63
2023-11-10,28.1,64.5,0.0,14.8,64
2023-11-11,27.9,69.3,0.0,2.2,45
2023-11-12,29.1,71.9,0.0,10.5,56
2023-11-13,28.7,63.6,0.0,14.8,26
2023-11-14,26.0,68.3,0.0,12.6,34
2023-11-15,29.6,70.6,0.0,9.3,51
2023-11-16,29.4,67.0,3.1,11.1,38
2023-11-17,26.9,76.7,0.0,10.7,31
2023-11-18,28.0,60.5,0.0,10.3,69
2023-11-19,28.1,69.7,0.0,25.0,43
2023-11-20,27.7,65.1,0.0,16.6,63
2023-11-21,26.7,68.0,0.0,23.1,44
2023-11-22,26.4,66.5,0.0,10.6,37
2023-11-23,27.1,62.1,0.0,10.7,32
2023-11-24,28.5,65.3,0.0,15.0,56
2023-11-25,27.7,57.9,0.0,7.6,64
2023-11-26,26.6,66.3,0.0,6.3,44
2023-11-27,27.9,65.1,0.0,11.2,22
2023-11-28,23.5,66.1,0.0,11.6,26
2023-11-29,28.2,67.4,0.0,5.5,19
2023-11-30,24.7,64.9,0.0,2.1,34
2023-12-01,26.3,63.9,0.0,5.6,23
2023-12-02,25.3,60.2,0.0,8.3,16
2023-12-03,25.1,60.6,0.0,8.2,26
2023-12-04,27.9,67.1,0.0,0.0,21
2023-12-05,25.9,67.8,0.0,12.6,24
2023-12-06,26.9,61.8,0.0,2.4,25
2023-12-07,26.3,62.6,0.0,3.9,30
2023-12-08,26.9,59.2,0.0,1.4,24
2023-12-09,26.4,66.3,0.0,15.8,22
2023-12-10,24.6,64.3,0.0,6.0,49
2023-12-11,27.3,68.6,0.0,1.6,43
2023-12-12,25.4,58.5,0.0,8.5,43
2023-12-13,24.1,60.1,0.0,8.1,26
2023-12-14,25.3,62.0,0.0,4.2,27
2023-12-15,27.5,63.2,0.0,8.4,34
2023-12-16,26.7,60.0,0.0,1.7,16
2023-12-17,25.1,57.5,0.0,3.0,18
2023-12-18,25.1,63.5,0.0,0.0,25
2023-12-19,25.0,62.7,0.0,0.0,24
2023-12-20,27.8,56.8,0.0,12.2,13
2023-12-21,25.7,64.5,0.0,11.6,10
2023-12-22,25.6,63.7,0.0,5.3,18
2023-12-23,26.3,59.8,0.0,11.7,23
2023-12-24,25.3,59.6,0.0,4.4,20
2023-12-25,24.7,61.2,0.0,4.0,8
2023-12-26,24.7,56.2,0.0,5.2,29
2023-12-27,24.8,59.3,0.0,4.5,17
2023-12-28,24.8,51.6,0.0,4.1,10
2023-12-29,25.7,62.2,0.0,9.6,12
2023-12-30,24.9,53.6,0.0,5.6,31
2023-12-31,25.6,64.3,0.0,7.8,10
2024-01-01,24.6,57.8,0.0,9.1,17
2024-01-02,24.8,58.2,0.0,6.6,23
2024-01-03,22.3,56.7,0.0,1.1,24
2024-01-04,25.7,57.8,0.0,0.0,12
2024-01-05,25.0,63.8,0.0,5.6,24
2024-01-06,25.8,50.0,0.0,4.3,12
2024-01-07,21.1,63.2,0.0,5.3,14
2024-01-08,27.0,59.8,0.0,4.9,4
2024-01-09,24.3,54.4,0.0,15.3,13
2024-01-10,25.8,54.8,0.0,0.0,19
2024-01-11,23.2,64.4,0.0,0.0,34
2024-01-12,25.2,55.2,0.0,6.3,22
2024-01-13,23.2,54.4,0.0,3.5,21
2024-01-14,23.7,62.4,0.0,6.3,16
2024-01-15,26.8,59.5,0.0,7.3,16
2024-01-16,24.2,55.0,0.0,10.1,25
2024-01-17,24.7,59.0,0.0,0.0,12
2024-01-18,25.5,54.6,0.0,2.8,9
2024-01-19,25.1,62.0,0.0,6.7,18
2024-01-20,24.6,61.8,0.0,8.1,11
2024-01-21,24.9,60.0,0.0,13.8,22
2024-01-22,27.4,59.3,0.0,8.8,22
2024-01-23,24.4,64.2,0.0,4.8,13
2024-01-24,24.7,58.0,0.0,1.4,13
2024-01-25,25.8,53.9,0.0,2.7,12
2024-01-26,25.9,59.6,0.0,2.6,14
2024-01-27,26.0,65.3,0.0,7.6,12
2024-01-28,25.4,54.4,0.0,6.0,15
2024-01-29,23.3,56.7,0.0,0.0,22
2024-01-30,26.7,59.5,0.0,3.3,33
2024-01-31,23.4,57.8,0.0,8.5,9
2024-02-01,25.1,54.6,0.0,6.4,8
2024-02-02,23.9,61.9,0.0,7.3,20
2024-02-03,24.8,66.1,0.0,6.5,18
2024-02-04,25.3,58.7,0.0,11.5,17
2024-02-05,25.3,54.8,0.0,5.9,25
2024-02-06,25.4,52.6,0.0,3.5,18
2024-02-07,26.9,58.9,0.0,1.3,5
2024-02-08,25.6,62.0,0.0,6.0,9
2024-02-09,24.9,59.8,0.0,0.0,16
2024-02-10,26.4,58.3,0.0,4.3,19
2024-02-11,26.7,56.3,0.0,4.2,30
2024-02-12,23.9,54.6,0.0,0.0,23
2024-02-13,26.2,61.5,0.0,1.3,16
2024-02-14,26.4,61.8,0.0,8.2,11
2024-02-15,25.3,53.3,0.0,5.9,15
2024-02-16,27.4,64.4,0.0,5.4,16
2024-02-17,25.7,60.9,0.0,6.2,14
2024-02-18,26.1,63.9,0.0,5.4,17
2024-02-19,25.8,54.4,0.0,10.0,9
2024-02-20,26.1,54.4,0.0,5.5,9
2024-02-21,24.9,58.7,0.0,0.0,20
2024-02-22,24.6,61.1,0.0,11.5,19
2024-02-23,28.3,65.7,0.0,6.5,10
2024-02-24,25.4,62.0,0.0,2.6,16
2024-02-25,25.3,58.8,0.0,0.0,23
2024-02-26,24.0,56.1,0.0,6.6,22
2024-02-27,25.8,64.1,0.0,4.5,19
2024-02-28,25.1,56.5,0.0,11.3,10
2024-02-29,28.7,65.7,0.0,3.6,12
2024-03-01,28.0,59.0,0.0,1.7,6
2024-03-02,26.0,65.7,0.0,8.6,13
2024-03-03,29.6,62.6,0.0,8.7,10
2024-03-04,28.1,59.8,0.0,5.7,7
2024-03-05,26.6,58.6,0.0,7.7,1
2024-03-06,24.1,59.3,0.0,4.8,10
2024-03-07,29.9,62.1,0.0,5.9,13
2024-03-08,25.5,60.9,0.0,9.7,7
2024-03-09,25.2,58.7,0.0,7.5,14
2024-03-10,28.5,60.4,0.0,4.3,12
2024-03-11,30.3,61.5,0.0,10.4,16
2024-03-12,29.2,54.0,0.0,0.0,9
2024-03-13,28.3,63.2,0.0,13.2,4
2024-03-14,28.4,58.4,0.0,0.0,23
2024-03-15,28.8,58.1,0.0,2.5,12
2024-03-16,28.8,56.4,0.0,4.8,9
2024-03-17,28.4,56.3,0.0,4.4,3
2024-03-18,28.2,58.0,0.0,9.0,8
2024-03-19,28.1,60.5,0.0,0.8,8
2024-03-20,27.4,70.0,0.0,6.0,19
2024-03-21,28.1,61.6,0.0,2.7,6
2024-03-22,26.5,64.3,0.0,6.2,7
2024-03-23,28.5,65.3,0.0,4.7,20
2024-03-24,27.5,64.5,0.0,5.4,9
2024-03-25,27.4,63.9,0.0,2.8,10
2024-03-26,29.0,60.1,0.0,3.0,12
2024-03-27,30.5,69.5,0.0,6.1,13
2024-03-28,29.9,70.9,0.0,8.8,12
2024-03-29,27.0,58.8,0.0,2.6,22
2024-03-30,27.7,61.2,0.0,1.5,20
2024-03-31,30.1,64.0,0.0,7.5,16
2024-04-01,27.8,61.7,0.0,4.9,19
2024-04-02,28.8,67.0,0.0,8.3,2
2024-04-03,29.8,62.8,0.0,1.4,24
2024-04-04,28.0,73.0,0.0,0.0,3
2024-04-05,29.3,69.8,0.0,2.9,7
2024-04-06,27.6,66.5,0.0,1.9,11
2024-04-07,28.6,69.5,0.0,4.7,8
2024-04-08,29.7,69.9,0.0,2.5,15
2024-04-09,27.5,64.2,0.0,8.0,3
2024-04-10,30.0,63.6,0.0,3.8,18
2024-04-11,29.5,66.9,0.0,5.6,2
2024-04-12,30.3,69.9,0.0,5.6,11
2024-04-13,30.0,67.6,0.0,5.8,13
2024-04-14,31.4,61.8,0.0,4.9,13
2024-04-15,30.0,64.7,0.0,7.0,8
2024-04-16,29.4,67.5,0.0,1.8,4
2024-04-17,30.2,67.7,0.0,10.6,10
2024-04-18,30.8,75.1,0.0,4.1,12
2024-04-19,30.2,63.6,0.0,0.0,7
2024-04-20,30.3,70.4,0.0,5.8,10
2024-04-21,29.5,74.1,0.0,1.6,20
2024-04-22,29.6,77.1,0.0,7.7,15
2024-04-23,28.8,67.9,0.0,13.8,14
2024-04-24,32.6,71.1,0.0,1.9,4
2024-04-25,29.1,71.5,0.0,6.3,2
2024-04-26,29.8,70.3,0.0,0.0,7
2024-04-27,29.8,69.3,0.0,6.8,7
2024-04-28,31.7,71.3,0.0,1.5,10
2024-04-29,30.3,61.0,0.0,2.5,7
2024-04-30,32.2,72.3,0.0,0.6,15
2024-05-01,30.0,70.5,0.0,7.9,9
2024-05-02,31.1,69.4,0.0,9.0,8
2024-05-03,29.8,77.4,0.0,5.1,13
2024-05-04,33.4,67.9,0.0,1.5,10
2024-05-05,29.5,69.0,0.0,11.4,11
2024-05-06,31.3,77.5,0.0,2.0,13
2024-05-07,31.7,67.7,0.0,0.0,5
2024-05-08,31.5,68.7,0.0,6.8,26
2024-05-09,30.8,70.2,0.0,0.6,2
2024-05-10,30.9,74.0,0.0,9.0,3
2024-05-11,31.0,72.1,0.0,3.5,12
2024-05-12,30.8,67.2,0.0,7.4,4
2024-05-13,32.1,70.2,0.0,10.6,17
2024-05-14,33.6,70.3,0.0,0.2,22
2024-05-15,30.2,72.5,0.0,2.7,10
2024-05-16,29.2,74.6,0.0,4.7,11
2024-05-17,30.7,74.9,0.0,11.2,4
2024-05-18,33.9,67.5,0.0,2.4,18
2024-05-19,29.8,77.8,0.0,2.6,11
2024-05-20,32.8,75.3,0.0,6.9,4
2024-05-21,32.8,79.6,0.0,2.7,2
2024-05-22,30.1,76.6,0.0,5.6,17
2024-05-23,31.4,79.3,0.0,0.0,13
2024-05-24,32.6,77.3,0.0,13.9,5
2024-05-25,30.2,80.6,0.0,0.0,6
2024-05-26,30.3,78.0,0.0,3.7,24
2024-05-27,29.8,76.1,0.0,4.9,11
2024-05-28,29.2,84.6,0.0,12.7,7
2024-05-29,29.6,80.0,0.0,0.0,15
2024-05-30,28.9,79.1,22.6,32.9,2
2024-05-31,30.3,72.9,0.0,21.7,14
2024-06-01,29.3,73.1,9.1,27.5,31
2024-06-02,30.4,78.9,24.3,28.5,25
2024-06-03,28.2,78.6,63.2,57.2,31
2024-06-04,30.5,76.2,93.1,43.1,19
2024-06-05,31.0,79.1,0.0,48.0,18
2024-06-06,27.6,84.4,11.0,64.2,27
2024-06-07,30.3,81.5,3.7,52.3,38
2024-06-08,31.3,75.3,0.0,35.1,14
2024-06-09,28.3,79.3,9.2,61.5,24
2024-06-10,31.6,77.2,0.0,38.8,30
2024-06-11,30.0,79.0,42.4,58.3,15
2024-06-12,28.6,79.3,111.9,74.6,29
2024-06-13,29.3,79.4,25.1,58.7,15
2024-06-14,29.9,77.1,45.8,63.1,58
2024-06-15,29.3,81.4,0.0,78.2,7
2024-06-16,29.7,80.2,0.0,61.4,20
2024-06-17,27.9,72.3,34.6,67.5,28
2024-06-18,29.1,90.1,11.0,69.0,37
2024-06-19,27.1,87.1,0.0,65.0,11
2024-06-20,28.6,82.3,30.5,69.0,52
2024-06-21,27.5,84.0,0.0,75.7,36
2024-06-22,27.6,80.2,0.9,65.8,62
2024-06-23,29.9,90.6,118.1,63.5,60
2024-06-24,29.7,91.4,49.3,71.5,114
2024-06-25,29.1,85.4,71.2,73.3,87
2024-06-26,27.0,88.6,0.0,75.4,83
2024-06-27,27.9,85.7,27.9,76.4,105
2024-06-28,29.7,80.5,31.4,64.8,93
2024-06-29,28.3,83.9,28.5,72.9,85
2024-06-30,30.9,85.9,43.2,53.3,101
2024-07-01,28.6,84.0,92.4,71.8,81
2024-07-02,28.3,84.9,26.9,82.4,120
2024-07-03,27.6,85.5,181.3,76.7,131
2024-07-04,28.1,85.6,92.1,84.9,105
2024-07-05,27.7,86.2,114.5,80.1,89
2024-07-06,28.7,82.4,0.0,78.1,131
2024-07-07,29.0,83.7,0.0,73.7,106
2024-07-08,26.9,81.8,83.1,69.8,109
2024-07-09,26.2,89.9,5.6,63.4,103
2024-07-10,25.5,79.2,144.5,53.0,110
2024-07-11,28.3,90.7,79.9,81.5,124
2024-07-12,26.3,91.6,171.5,74.3,140
2024-07-13,25.0,85.8,68.8,58.5,110
2024-07-14,28.0,77.9,70.7,73.7,111
2024-07-15,30.5,85.8,0.0,58.0,135
2024-07-16,27.4,87.0,38.6,75.4,142
2024-07-17,28.4,83.8,97.0,81.9,140
2024-07-18,27.5,85.6,18.0,85.8,122
2024-07-19,27.2,92.9,22.0,85.5,115
2024-07-20,28.4,90.0,76.7,85.0,146
2024-07-21,26.9,84.5,14.3,78.7,104
2024-07-22,27.5,82.3,33.1,84.7,126
2024-07-23,27.5,86.9,0.0,81.8,116
2024-07-24,26.3,87.3,60.3,73.5,128
2024-07-25,28.3,89.7,106.3,80.4,148
2024-07-26,26.9,86.1,46.8,69.9,107
2024-07-27,26.2,89.8,98.5,67.3,129
2024-07-28,27.8,94.8,41.0,81.8,117
2024-07-29,26.0,90.9,56.9,68.3,103
2024-07-30,27.1,87.8,7.4,85.4,118
2024-07-31,27.1,87.4,32.9,77.2,99
2024-08-01,28.4,86.8,10.1,83.6,139
2024-08-02,27.7,92.1,42.2,79.2,122
2024-08-03,27.1,85.8,71.2,75.1,108
2024-08-04,28.1,88.2,71.0,75.4,114
2024-08-05,28.7,88.2,43.5,76.1,105
2024-08-06,27.7,86.2,28.4,82.1,132
2024-08-07,27.1,83.2,99.6,76.1,147
2024-08-08,25.5,89.1,80.7,64.9,142
2024-08-09,25.8,87.8,42.4,65.6,146
2024-08-10,26.7,89.7,80.9,73.9,130
2024-08-11,26.3,86.0,0.0,78.4,135
2024-08-12,26.9,92.1,163.6,77.7,135
2024-08-13,27.2,84.7,61.8,82.6,155
2024-08-14,27.7,93.7,14.3,81.1,131
2024-08-15,27.0,81.5,14.8,77.3,139
2024-08-16,27.7,89.1,64.2,85.6,115
2024-08-17,27.2,89.1,44.5,80.5,120
2024-08-18,24.8,84.6,67.5,40.9,123
2024-08-19,26.0,88.8,94.2,68.5,116
2024-08-20,27.0,91.7,47.4,84.3,162
2024-08-21,25.7,79.4,111.6,62.1,120
2024-08-22,27.9,88.9,20.7,83.9,140
2024-08-23,29.0,78.3,37.1,64.5,140
2024-08-24,28.6,83.6,41.1,75.2,130
2024-08-25,26.9,92.6,50.1,80.2,119
2024-08-26,29.0,84.8,0.0,77.3,140
2024-08-27,27.4,82.7,35.2,81.2,142
2024-08-28,26.8,86.0,18.6,73.9,149
2024-08-29,26.5,93.9,47.7,75.6,109
2024-08-30,26.9,80.2,21.6,71.5,110
2024-08-31,26.8,82.9,14.2,68.5,133
2024-09-01,27.5,91.7,34.1,70.6,141
2024-09-02,27.5,92.9,39.4,80.8,133
2024-09-03,27.3,86.0,0.0,76.3,112
2024-09-04,27.8,81.9,12.2,70.2,145
2024-09-05,28.7,93.5,4.1,68.5,160
2024-09-06,28.5,91.7,16.4,77.4,146
2024-09-07,25.5,88.4,0.0,54.3,138
2024-09-08,24.3,83.2,11.8,40.1,73
2024-09-09,28.5,85.5,0.0,77.4,104
2024-09-10,25.8,84.9,0.0,46.5,126
2024-09-11,27.2,86.3,30.4,65.1,101
2024-09-12,26.1,89.9,32.8,58.6,115
2024-09-13,25.4,87.6,0.0,55.9,110
2024-09-14,28.2,80.5,14.9,57.6,124
2024-09-15,28.6,88.8,26.0,74.3,124
2024-09-16,27.0,84.8,25.8,62.8,130
2024-09-17,24.6,85.8,0.0,38.8,151
2024-09-18,27.1,88.2,25.0,64.2,129
2024-09-19,28.3,78.9,0.0,59.9,118
2024-09-20,26.1,82.4,44.0,60.8,112
2024-09-21,28.1,80.4,18.0,62.0,123
2024-09-22,27.9,76.5,0.0,62.9,105
2024-09-23,28.7,82.9,4.8,64.6,122
2024-09-24,28.2,90.2,11.6,67.9,129
2024-09-25,26.9,74.8,10.4,66.2,156
2024-09-26,29.5,80.9,45.4,61.7,142
2024-09-27,27.9,83.0,36.8,72.3,141
2024-09-28,28.1,81.0,21.9,73.3,96
2024-09-29,27.1,79.9,9.8,59.0,91
2024-09-30,27.7,75.6,0.0,67.6,110
2024-10-01,27.2,80.7,0.0,54.5,82
2024-10-02,28.1,77.0,0.0,58.2,99
2024-10-03,30.4,71.8,0.0,39.4,94
2024-10-04,26.7,83.4,0.0,60.7,80
2024-10-05,26.5,82.4,0.0,55.5,88
2024-10-06,30.2,79.0,0.0,46.1,103
2024-10-07,28.2,79.4,0.0,57.7,85
2024-10-08,27.7,82.1,0.0,54.1,63
2024-10-09,29.8,78.9,0.0,41.2,99
2024-10-10,27.8,80.9,0.0,49.3,90
2024-10-11,30.7,76.3,0.0,25.1,92
2024-10-12,29.4,81.5,2.7,23.6,97
2024-10-13,28.0,77.6,0.0,5.0,85
2024-10-14,31.2,76.8,0.0,9.7,99
2024-10-15,27.9,71.3,0.0,6.5,105
2024-10-16,29.5,76.3,7.3,18.9,94
2024-10-17,29.0,72.0,0.0,17.6,83
2024-10-18,30.2,72.3,0.0,13.0,111
2024-10-19,30.5,71.3,0.0,10.1,127
2024-10-20,28.7,70.0,0.0,16.9,84
2024-10-21,27.8,80.7,0.0,18.7,87
2024-10-22,29.2,77.6,0.0,12.1,88
2024-10-23,27.9,79.2,7.5,16.8,93
2024-10-24,31.1,68.1,0.0,11.2,63
2024-10-25,28.8,72.4,0.0,25.0,100
2024-10-26,28.2,67.5,0.0,19.5,87
2024-10-27,28.8,69.4,0.0,11.3,53
2024-10-28,27.0,68.4,0.2,10.4,75
2024-10-29,27.4,75.8,0.0,24.0,72
2024-10-30,30.0,69.9,0.0,5.8,63
2024-10-31,27.7,74.8,0.0,14.9,70
2024-11-01,27.2,73.0,0.0,9.7,32
2024-11-02,29.1,78.8,0.0,19.6,34
2024-11-03,29.9,65.4,0.0,6.1,11
2024-11-04,29.3,74.8,0.0,16.8,21
2024-11-05,29.6,74.2,0.0,12.5,12
2024-11-06,27.5,66.6,0.0,6.2,27
2024-11-07,26.6,73.4,0.0,0.0,23
2024-11-08,30.1,70.8,0.0,0.0,19
2024-11-09,27.9,68.5,0.0,4.3,17
2024-11-10,27.9,66.1,6.2,10.4,20
2024-11-11,29.7,66.1,0.0,4.2,38
2024-11-12,28.7,75.5,0.0,7.1,24
2024-11-13,28.5,68.0,0.0,12.0,26
2024-11-14,30.5,70.4,0.0,11.3,18
2024-11-15,27.0,64.6,22.3,17.1,36
2024-11-16,28.8,64.3,0.0,20.7,30
2024-11-17,27.7,70.5,0.0,19.3,20
2024-11-18,27.9,61.6,0.0,13.8,19
2024-11-19,29.3,64.5,0.0,23.7,48
2024-11-20,28.0,65.8,0.0,19.8,7
2024-11-21,28.0,65.7,0.0,19.9,29
2024-11-22,28.5,64.4,0.0,27.1,18
2024-11-23,26.7,66.1,0.0,13.0,34
2024-11-24,26.1,66.9,0.0,19.2,14
2024-11-25,25.8,66.9,0.0,22.0,30
2024-11-26,24.6,60.7,0.0,8.2,16
2024-11-27,29.4,63.0,0.0,17.3,14
2024-11-28,25.6,68.1,0.0,11.7,3
2024-11-29,26.6,66.9,0.0,2.3,6
2024-11-30,26.4,58.8,0.0,6.5,10
2024-12-01,27.1,64.7,0.0,8.2,16
2024-12-02,27.6,56.3,0.0,9.5,20
2024-12-03,27.6,63.3,0.0,11.3,18
2024-12-04,25.9,69.6,0.0,4.7,30
2024-12-05,26.3,59.5,0.0,9.8,27
2024-12-06,26.8,59.7,0.0,3.6,31
2024-12-07,26.1,65.2,0.0,8.6,34
2024-12-08,28.3,56.9,0.0,5.8,41
2024-12-09,26.9,60.0,0.0,6.8,15
2024-12-10,27.1,64.1,0.0,6.7,44
2024-12-11,26.9,59.6,0.0,0.0,38
2024-12-12,27.4,60.8,0.0,0.5,32
2024-12-13,26.1,64.0,0.0,5.4,38
2024-12-14,24.3,62.7,0.0,0.0,15
2024-12-15,26.2,61.9,0.0,8.3,32
2024-12-16,24.9,59.6,0.0,8.5,43
2024-12-17,24.9,61.9,0.0,6.3,23
2024-12-18,26.2,59.9,0.0,0.5,26
2024-12-19,26.9,61.8,0.0,10.5,25
2024-12-20,25.3,58.2,0.0,13.1,11
2024-12-21,25.6,59.1,0.0,5.6,14
2024-12-22,27.2,56.1,0.0,7.0,14
2024-12-23,25.3,59.3,0.0,5.8,20
2024-12-24,28.1,56.5,0.0,7.1,18
2024-12-25,25.6,55.4,0.0,4.5,16
2024-12-26,22.8,60.1,0.3,4.9,20
2024-12-27,25.8,59.9,0.0,8.7,14
2024-12-28,25.3,61.9,0.0,14.5,20
2024-12-29,26.4,57.6,0.0,0.0,15
2024-12-30,25.6,60.5,0.0,4.7,18
2024-12-31,24.6,61.0,0.0,0.4,20
2025-01-01,23.3,60.5,0.0,11.4,7
2025-01-02,24.4,56.0,0.0,2.7,10
2025-01-03,23.6,59.4,0.0,0.0,17
2025-01-04,23.9,60.1,0.0,7.6,14
2025-01-05,25.3,58.8,0.0,12.1,18
2025-01-06,26.6,51.5,0.0,7.7,21
2025-01-07,25.0,59.3,0.0,5.9,23
2025-01-08,23.1,66.4,0.0,6.7,19
2025-01-09,25.0,57.4,0.0,10.7,17
2025-01-10,25.9,56.0,0.0,1.5,11
2025-01-11,23.7,59.8,0.0,4.6,17
2025-01-12,24.3,59.6,0.0,3.2,25
2025-01-13,24.5,62.6,0.0,0.3,18
2025-01-14,23.5,54.0,0.0,3.7,16
2025-01-15,25.2,60.9,0.0,9.4,18
2025-01-16,24.3,60.4,0.0,7.3,22
2025-01-17,25.0,57.8,0.0,7.6,17
2025-01-18,23.4,59.4,0.0,5.6,33
2025-01-19,23.9,61.8,0.0,7.1,12
2025-01-20,25.3,61.2,0.0,1.8,16
2025-01-21,24.0,54.1,0.0,3.8,12
2025-01-22,26.5,60.9,0.0,5.8,25
2025-01-23,24.0,57.8,0.0,6.1,21
2025-01-24,24.8,58.3,0.0,6.3,9
2025-01-25,25.7,58.3,0.0,4.4,23
2025-01-26,22.9,57.5,0.0,3.5,33
2025-01-27,22.5,62.2,0.0,17.6,25
2025-01-28,22.8,57.7,0.0,8.6,22
2025-01-29,26.2,54.1,0.0,6.7,22
2025-01-30,24.0,56.6,0.0,4.1,19
2025-01-31,27.8,58.6,0.0,3.2,13
2025-02-01,24.1,62.3,0.0,4.5,14
2025-02-02,25.0,60.1,0.0,6.2,11
2025-02-03,26.7,55.0,0.0,0.0,5
2025-02-04,27.3,66.7,0.0,0.0,15
2025-02-05,27.4,58.9,0.0,2.5,21
2025-02-06,26.4,62.5,0.0,5.8,14
2025-02-07,26.3,57.6,0.0,4.0,18
2025-02-08,25.8,60.0,0.0,10.9,21
2025-02-09,26.1,61.2,0.0,0.0,18
2025-02-10,24.6,62.6,0.0,2.0,9
2025-02-11,24.4,62.1,0.0,11.1,19
2025-02-12,25.5,61.6,0.0,5.5,20
2025-02-13,25.4,57.5,0.0,8.5,21
2025-02-14,25.1,56.7,0.0,13.2,13
2025-02-15,26.6,60.0,0.0,2.2,16
2025-02-16,27.0,62.2,0.0,4.6,11
2025-02-17,26.0,58.2,0.0,3.9,33
2025-02-18,27.8,62.8,0.0,0.0,14
2025-02-19,24.7,64.2,0.0,3.8,23
2025-02-20,25.9,56.0,0.0,8.5,14
2025-02-21,25.4,56.4,0.0,7.2,16
2025-02-22,24.1,58.9,0.0,7.5,18
2025-02-23,26.3,60.6,0.0,3.5,17
2025-02-24,26.4,57.8,0.0,2.4,7
2025-02-25,28.4,64.4,0.0,10.1,7
2025-02-26,27.4,61.3,0.0,3.0,8
2025-02-27,25.4,60.0,0.0,6.2,12
2025-02-28,28.9,54.9,0.0,5.7,11
2025-03-01,28.2,55.4,0.0,10.8,22
2025-03-02,27.5,61.1,0.0,8.9,5
2025-03-03,26.6,52.8,0.0,0.0,5
2025-03-04,25.8,63.9,0.0,0.2,15
2025-03-05,26.6,59.8,0.0,7.3,12
2025-03-06,28.4,71.8,0.0,4.7,17
2025-03-07,29.4,68.7,0.0,3.2,15
2025-03-08,29.0,60.0,0.0,9.1,5
2025-03-09,26.6,60.4,0.0,5.7,11
2025-03-10,26.0,64.5,0.0,5.2,13
2025-03-11,27.6,67.2,0.0,8.1,5
2025-03-12,25.4,55.7,0.0,3.5,10
2025-03-13,28.0,55.4,0.0,11.3,18
2025-03-14,27.5,59.7,0.0,1.8,20
2025-03-15,27.3,64.1,0.0,7.6,19
2025-03-16,26.0,64.1,0.0,10.7,10
2025-03-17,28.6,66.3,0.0,0.0,6
2025-03-18,27.5,58.6,0.0,3.6,23
2025-03-19,26.8,54.9,0.0,9.6,7
2025-03-20,24.9,66.2,0.0,9.6,11
2025-03-21,28.4,60.5,0.0,4.3,21
2025-03-22,30.6,56.6,0.0,2.1,15
2025-03-23,30.6,64.4,0.0,8.8,16
2025-03-24,28.1,66.8,0.0,9.7,6
2025-03-25,28.0,63.7,0.0,0.3,4
2025-03-26,29.3,62.7,0.0,0.2,18
2025-03-27,27.6,63.8,0.0,5.9,9
2025-03-28,29.2,63.2,0.0,7.5,4
2025-03-29,29.8,59.9,0.0,3.8,22
2025-03-30,30.4,62.3,0.0,7.7,14
2025-03-31,28.9,66.8,0.0,2.2,10
2025-04-01,28.8,66.2,0.0,0.0,11
2025-04-02,28.0,65.8,0.0,3.3,10
2025-04-03,28.1,61.9,0.0,5.3,27
2025-04-04,28.9,64.8,0.0,3.9,12
2025-04-05,29.6,58.0,0.0,0.4,10
2025-04-06,30.3,66.4,0.0,0.0,12
2025-04-07,28.3,70.9,0.0,2.9,5
2025-04-08,31.1,60.8,0.0,8.6,8
2025-04-09,29.1,64.2,0.0,10.0,15
2025-04-10,29.5,67.6,0.0,9.8,19
2025-04-11,28.7,71.1,0.0,1.7,6
2025-04-12,26.7,65.3,0.0,0.4,13
2025-04-13,30.8,64.7,0.0,7.0,28
2025-04-14,30.7,60.4,0.0,7.5,11
2025-04-15,29.5,67.9,0.0,6.6,4
2025-04-16,30.0,74.9,0.0,0.0,7
2025-04-17,30.7,69.0,0.0,1.5,10
2025-04-18,28.2,68.1,0.0,4.9,14
2025-04-19,29.6,69.6,0.0,6.9,8
2025-04-20,31.2,68.6,0.0,8.1,16
2025-04-21,28.8,66.0,0.0,5.6,5
2025-04-22,30.8,72.0,0.0,6.3,1
2025-04-23,28.9,70.1,0.0,5.3,8
2025-04-24,31.1,69.5,0.0,7.7,15
2025-04-25,30.5,66.1,0.0,6.3,12
2025-04-26,28.7,74.2,0.0,5.3,7
2025-04-27,32.0,72.0,0.0,3.9,3
2025-04-28,29.8,67.8,0.0,5.3,9
2025-04-29,29.7,73.4,0.0,6.9,21
2025-04-30,31.0,68.2,0.0,6.1,16
2025-05-01,32.1,67.3,12.0,10.1,21
2025-05-02,29.6,67.5,0.0,17.8,10
2025-05-03,30.9,64.0,0.0,10.4,4
2025-05-04,31.4,72.0,22.5,15.4,17
2025-05-05,31.7,64.0,0.0,15.8,15
2025-05-06,31.1,66.2,0.0,10.1,11
2025-05-07,30.5,63.3,0.0,10.6,7
2025-05-08,30.0,70.4,0.0,24.0,12
2025-05-09,31.1,70.2,0.0,20.3,11
2025-05-10,29.7,69.9,0.0,18.2,17
2025-05-11,27.5,67.8,0.0,22.0,20
2025-05-12,31.5,67.7,0.0,12.7,14
2025-05-13,32.0,73.7,0.0,14.1,13
2025-05-14,28.1,70.5,0.0,30.3,15
2025-05-15,29.7,73.9,0.0,23.7,14
2025-05-16,31.6,70.0,0.0,13.2,12
2025-05-17,33.3,74.1,0.0,7.4,11
2025-05-18,30.9,78.3,0.0,0.0,4
2025-05-19,29.9,76.1,0.0,10.7,8
2025-05-20,30.6,73.0,5.6,11.4,16
2025-05-21,32.4,75.7,0.0,4.5,12
2025-05-22,30.0,74.2,0.0,12.6,17
2025-05-23,29.8,75.4,0.0,9.8,29
2025-05-24,30.1,74.5,0.0,8.6,23
2025-05-25,29.5,75.3,0.0,12.1,29
2025-05-26,30.7,76.9,0.0,6.4,24
2025-05-27,32.4,72.9,0.0,5.8,18
2025-05-28,30.8,73.1,0.0,9.3,18
2025-05-29,30.1,72.0,0.0,7.3,44
2025-05-30,30.0,71.5,0.0,12.0,25
2025-05-31,28.4,73.1,0.0,18.0,20
2025-06-01,31.3,78.2,12.1,11.9,50
2025-06-02,30.1,74.7,18.6,19.2,47
2025-06-03,29.9,79.9,23.8,27.6,38
2025-06-04,33.9,78.5,0.0,10.8,55
2025-06-05,30.4,71.7,64.9,33.5,44
2025-06-06,29.0,81.1,22.0,58.0,46
2025-06-07,29.4,81.9,0.0,55.7,15
2025-06-08,31.2,75.9,0.0,28.7,13
2025-06-09,29.9,81.2,6.1,44.2,42
2025-06-10,27.9,77.0,0.0,58.0,31
2025-06-11,30.6,80.7,27.3,46.9,26
2025-06-12,28.6,76.3,0.0,55.8,42
2025-06-13,31.6,74.8,5.4,25.7,35
2025-06-14,30.6,80.1,0.0,48.3,20
2025-06-15,28.6,81.4,4.1,67.1,41
2025-06-16,30.6,80.8,14.4,47.1,46
2025-06-17,29.1,78.4,55.8,55.9,31
2025-06-18,29.9,81.5,5.3,55.9,32
2025-06-19,29.4,84.2,19.8,52.7,37
2025-06-20,27.7,83.4,42.3,69.0,44
2025-06-21,27.8,84.6,18.4,67.2,45
2025-06-22,29.7,82.0,0.0,50.4,27
2025-06-23,28.0,88.8,32.6,69.1,42
2025-06-24,27.9,80.7,59.3,70.9,61
2025-06-25,27.2,86.6,0.0,67.9,26
2025-06-26,28.8,89.1,76.8,71.9,80
2025-06-27,30.7,86.8,0.0,48.4,89
2025-06-28,26.9,84.5,33.9,72.5,97
2025-06-29,28.2,83.5,16.3,71.2,68
2025-06-30,29.8,89.1,42.5,57.8,76
2025-07-01,28.0,80.6,31.7,70.4,99
2025-07-02,28.6,82.3,2.5,75.9,96
2025-07-03,26.7,84.4,15.8,67.3,100
2025-07-04,28.5,90.2,42.2,82.6,52
2025-07-05,27.7,87.3,15.2,77.0,91
2025-07-06,29.1,82.7,94.9,72.6,127
2025-07-07,29.3,85.1,28.1,70.4,101
2025-07-08,30.9,84.2,0.0,50.9,93
2025-07-09,28.5,84.0,36.5,73.7,111
2025-07-10,28.1,90.0,11.4,75.2,104
2025-07-11,27.9,81.9,21.7,75.4,120
2025-07-12,27.2,92.4,79.6,72.5,100
2025-07-13,28.0,89.8,10.7,73.6,74
2025-07-14,27.2,90.8,0.0,70.4,119
2025-07-15,27.7,85.5,18.3,83.0,114
2025-07-16,29.0,86.7,89.7,76.1,120
2025-07-17,26.2,82.3,75.3,66.7,123
2025-07-18,28.7,85.6,30.8,71.8,96
2025-07-19,28.9,89.3,8.9,78.6,128
2025-07-20,27.1,92.2,79.5,76.1,119
2025-07-21,24.7,83.9,83.5,48.1,113
2025-07-22,26.5,86.6,6.7,67.1,113
2025-07-23,28.7,87.5,44.0,78.1,121
2025-07-24,27.1,83.1,14.8,72.5,120
2025-07-25,25.9,90.1,98.1,63.0,157
2025-07-26,26.5,85.5,82.0,74.4,122
2025-07-27,28.1,87.3,49.8,74.3,131
2025-07-28,27.8,86.4,39.7,82.5,113
2025-07-29,26.8,85.2,104.5,78.0,98
2025-07-30,26.7,88.0,0.0,71.4,121
2025-07-31,26.6,87.2,43.0,70.2,112
2025-08-01,26.0,86.7,60.3,66.1,135
2025-08-02,29.0,85.5,22.1,77.6,111
2025-08-03,26.7,89.1,95.6,74.9,122
2025-08-04,28.5,93.8,8.3,82.8,112
2025-08-05,28.9,88.5,61.2,85.3,144
2025-08-06,28.3,91.5,181.6,80.6,120
2025-08-07,26.6,83.1,74.7,66.1,105
2025-08-08,27.6,88.6,6.7,84.7,113
2025-08-09,27.0,84.2,57.6,83.0,126
2025-08-10,26.0,82.8,40.3,67.2,135
2025-08-11,27.5,85.3,52.7,75.3,99
2025-08-12,25.7,92.0,83.6,64.3,116
2025-08-13,28.5,91.1,73.9,77.5,123
2025-08-14,26.5,88.5,16.1,76.5,133
2025-08-15,27.3,82.2,18.0,71.3,110
2025-08-16,27.4,86.8,6.1,78.5,136
2025-08-17,26.8,88.5,8.6,71.7,126
2025-08-18,27.8,88.0,0.0,81.1,118
2025-08-19,26.6,80.9,110.8,68.8,145
2025-08-20,28.2,84.2,53.6,78.8,132
2025-08-21,25.5,87.0,21.0,59.4,125
2025-08-22,27.3,89.0,36.7,74.2,124
2025-08-23,29.5,79.4,85.3,69.6,139
2025-08-24,26.0,86.4,34.3,65.8,133
2025-08-25,26.4,87.4,105.1,67.3,138
2025-08-26,27.8,89.8,47.2,89.4,141
2025-08-27,27.4,89.2,94.7,81.3,130
2025-08-28,27.6,88.8,149.9,80.5,106
2025-08-29,27.8,83.9,27.1,85.1,161
2025-08-30,28.0,79.9,24.0,83.8,134
2025-08-31,28.6,85.2,16.2,78.6,120
2025-09-01,27.7,90.0,19.4,83.5,116
2025-09-02,27.0,91.3,31.3,74.5,106
2025-09-03,28.1,88.8,0.0,80.5,89
2025-09-04,29.6,87.8,38.9,71.1,129
2025-09-05,27.1,87.5,65.9,78.8,126
2025-09-06,26.1,84.2,38.8,68.3,154
2025-09-07,28.7,85.6,78.7,80.6,129
2025-09-08,27.2,91.8,39.0,80.2,122
2025-09-09,24.8,82.4,0.0,43.7,93
2025-09-10,28.4,91.1,0.0,75.5,123
2025-09-11,26.8,84.0,11.1,67.7,103
2025-09-12,27.4,89.5,29.8,74.5,114
2025-09-13,28.0,79.6,0.0,75.0,93
2025-09-14,27.8,86.3,0.0,70.0,105
2025-09-15,28.5,81.4,0.0,69.1,103
2025-09-16,27.2,78.7,60.1,71.4,143
2025-09-17,28.3,84.2,22.0,73.1,126
2025-09-18,27.5,86.6,1.0,75.7,113
2025-09-19,28.7,79.9,95.6,69.1,144
2025-09-20,28.6,77.3,9.8,67.5,134
2025-09-21,26.8,81.9,1.3,64.1,126
2025-09-22,29.3,81.6,77.0,68.1,135
2025-09-23,27.4,83.6,35.7,65.8,142
2025-09-24,29.0,84.8,12.5,69.4,121
2025-09-25,28.5,81.0,18.2,72.2,137
2025-09-26,30.3,87.5,13.0,61.1,119
2025-09-27,27.9,81.6,0.0,77.8,101
2025-09-28,27.7,79.3,28.5,68.7,135
2025-09-29,28.2,74.7,7.8,70.4,108
2025-09-30,27.9,79.2,91.1,68.7,83
2025-10-01,29.2,78.7,0.0,71.2,113
2025-10-02,26.4,83.0,14.0,69.4,118
2025-10-03,27.1,81.1,0.0,64.1,101
2025-10-04,27.1,75.1,0.0,62.0,91
2025-10-05,29.5,79.6,18.5,62.3,107
2025-10-06,30.5,81.1,0.0,53.3,107
2025-10-07,28.3,83.9,14.2,66.8,116
2025-10-08,28.3,81.4,0.0,64.1,103
2025-10-09,28.6,80.8,0.0,68.3,111
2025-10-10,29.9,77.9,12.4,51.6,121
2025-10-11,27.4,78.7,0.0,64.3,100
2025-10-12,28.9,81.3,0.0,58.6,93
2025-10-13,29.7,71.8,0.0,50.4,102
2025-10-14,29.2,74.9,0.0,34.3,107
2025-10-15,28.8,73.0,0.0,34.0,103
2025-10-16,29.8,76.6,0.0,37.5,121
2025-10-17,25.4,79.2,0.0,26.6,90
2025-10-18,29.4,72.4,0.0,36.3,110
2025-10-19,27.9,65.7,0.0,22.3,115
2025-10-20,26.5,72.3,0.0,21.9,98
2025-10-21,29.3,76.5,0.0,9.1,109
2025-10-22,30.3,74.8,0.0,14.0,110
2025-10-23,28.5,74.0,3.0,19.0,101
2025-10-24,29.8,71.4,0.0,12.2,95
2025-10-25,30.6,67.7,0.0,13.1,77
2025-10-26,30.2,73.8,24.8,19.0,84
2025-10-27,30.6,68.9,0.0,20.6,68
2025-10-28,29.5,79.3,12.6,35.5,101
2025-10-29,28.6,73.4,0.0,35.5,78
2025-10-30,26.6,69.2,0.0,27.3,103
2025-10-31,28.2,68.9,3.4,20.2,89
2025-11-01,27.5,70.6,0.0,29.1,80
2025-11-02,31.1,69.9,0.0,15.5,94
2025-11-03,28.2,74.5,0.0,33.0,57
2025-11-04,28.6,71.0,0.0,34.0,57
2025-11-05,29.1,67.6,0.0,26.4,49
2025-11-06,28.4,76.6,0.0,38.6,62
2025-11-07,30.4,70.0,0.0,23.9,36
2025-11-08,27.6,72.4,0.0,25.5,56
2025-11-09,28.5,67.2,0.0,5.2,38
2025-11-10,27.3,70.3,0.0,17.6,40
2025-11-11,26.5,69.8,0.0,6.9,12
2025-11-12,27.3,61.7,0.0,2.8,27
2025-11-13,27.9,75.1,0.0,1.9,23
2025-11-14,27.4,72.2,0.0,2.1,25
2025-11-15,27.0,65.9,0.0,4.2,25
2025-11-16,26.0,63.1,0.0,7.7,31
2025-11-17,27.5,67.9,0.0,5.8,31
2025-11-18,25.7,66.6,0.0,11.4,53
2025-11-19,28.4,67.2,0.0,0.9,52
2025-11-20,27.5,66.3,0.0,8.5,39
2025-11-21,25.6,67.1,0.0,5.2,30
2025-11-22,26.9,70.1,0.0,7.8,42
2025-11-23,26.3,66.7,0.0,3.3,18
2025-11-24,27.5,60.8,0.0,9.3,52
2025-11-25,28.7,69.1,5.6,10.8,51
2025-11-26,24.7,69.9,0.0,5.1,42
2025-11-27,27.1,75.1,0.0,10.7,68
2025-11-28,26.7,60.0,0.0,6.2,37
2025-11-29,27.6,64.6,0.0,10.4,42
2025-11-30,27.0,56.3,0.0,1.8,11
2025-12-01,25.8,65.4,0.0,7.8,27
2025-12-02,26.3,61.3,0.0,8.9,22
2025-12-03,25.7,69.8,0.0,8.9,12
2025-12-04,27.8,60.2,0.0,12.8,8
2025-12-05,26.5,56.9,0.0,9.6,11
2025-12-06,28.7,61.0,0.0,7.5,8
2025-12-07,26.3,55.6,0.0,7.1,18
2025-12-08,25.5,65.0,0.0,8.8,18
2025-12-09,24.5,54.9,0.0,6.6,25
2025-12-10,24.0,62.1,0.0,0.0,11
2025-12-11,24.2,54.5,0.0,3.8,25
2025-12-12,26.3,60.5,0.0,0.0,16
2025-12-13,26.5,67.1,0.0,10.1,21
2025-12-14,23.9,62.4,0.0,4.8,16
2025-12-15,26.8,58.0,0.0,4.2,20
2025-12-16,25.1,60.7,0.0,8.6,27
2025-12-17,25.7,60.6,0.0,6.7,11
2025-12-18,27.4,62.0,0.0,0.5,24
2025-12-19,26.5,55.4,0.0,4.7,13
2025-12-20,25.0,62.1,0.0,3.7,31
2025-12-21,24.1,50.3,0.0,0.0,8
2025-12-22,22.5,57.4,0.0,2.2,24
2025-12-23,24.2,57.7,0.0,4.3,27
2025-12-24,24.7,61.5,0.0,4.5,20
2025-12-25,23.8,59.4,0.0,0.0,27
2025-12-26,24.8,54.3,0.0,9.6,26
2025-12-27,25.0,55.8,0.0,4.6,26
2025-12-28,24.6,59.9,0.0,5.2,14
2025-12-29,24.1,58.8,0.0,6.6,28
2025-12-30,25.0,57.0,0.0,1.8,15
2025-12-31,25.3,57.3,0.0,6.8,10
2026-01-01,23.4,61.4,0.0,3.5,11
2026-01-02,26.4,57.1,0.0,1.4,9
2026-01-03,24.5,58.6,0.0,7.3,21
2026-01-04,24.7,66.4,0.0,11.0,21
2026-01-05,25.4,53.8,0.0,7.9,12
2026-01-06,24.8,52.3,0.0,8.7,19
2026-01-07,25.7,61.5,0.0,2.9,15
2026-01-08,24.8,56.3,0.0,0.0,9
2026-01-09,23.7,57.5,0.0,11.0,18
2026-01-10,24.9,55.8,0.0,13.2,12
2026-01-11,23.1,57.6,0.0,11.2,14
2026-01-12,24.6,64.1,0.0,3.7,16
2026-01-13,24.4,61.3,0.0,0.4,20
2026-01-14,24.2,61.4,0.0,0.7,19
2026-01-15,24.3,53.4,0.0,0.0,5
2026-01-16,22.2,54.3,0.0,4.6,27
2026-01-17,23.8,48.3,0.0,11.4,14
2026-01-18,24.6,55.4,0.0,4.4,16
2026-01-19,24.7,61.5,0.0,6.2,20
2026-01-20,23.2,59.9,0.0,10.5,21
2026-01-21,26.0,57.3,0.0,3.4,17
2026-01-22,23.4,58.0,0.0,13.1,18
2026-01-23,25.6,55.6,0.0,13.0,8
2026-01-24,25.0,58.7,0.0,4.5,14
2026-01-25,23.8,60.7,0.0,2.7,22
2026-01-26,26.7,52.3,0.0,7.8,12
2026-01-27,23.2,59.0,0.0,3.6,25
2026-01-28,25.7,61.3,0.0,0.4,9
2026-01-29,25.9,56.5,0.0,10.1,7
2026-01-30,23.9,60.5,0.0,9.9,20
2026-01-31,26.4,67.9,0.0,5.6,26
2026-02-01,24.5,57.6,0.0,0.0,21
2026-02-02,25.1,59.4,0.0,0.1,13
2026-02-03,25.1,55.4,0.0,5.4,9
2026-02-04,24.7,58.6,0.0,3.0,10
2026-02-05,25.9,59.6,0.0,3.6,10
2026-02-06,25.9,58.7,0.0,9.1,8
2026-02-07,22.9,54.5,0.0,7.9,27
2026-02-08,26.7,58.9,0.0,10.5,22
2026-02-09,23.2,63.4,0.0,1.0,23
2026-02-10,26.5,59.9,0.0,3.6,18
2026-02-11,26.7,61.8,0.0,8.0,12
2026-02-12,24.2,57.7,0.0,6.8,25
2026-02-13,25.1,61.2,0.0,11.1,27
2026-02-14,24.3,59.7,0.0,6.7,12
2026-02-15,25.5,55.5,0.0,12.4,10
2026-02-16,25.5,60.0,0.8,7.4,23
2026-02-17,26.8,55.5,0.0,9.5,11
2026-02-18,27.6,56.9,0.0,4.0,8
2026-02-19,27.8,59.8,0.0,5.4,19
2026-02-20,25.5,60.3,0.0,8.9,31
2026-02-21,26.0,55.2,0.0,11.6,15
2026-02-22,24.3,63.1,0.0,8.2,6
2026-02-23,25.5,61.5,0.0,5.0,10
2026-02-24,27.7,57.1,0.0,10.8,18
2026-02-25,28.5,54.3,0.0,0.0,15
2026-02-26,25.1,59.3,0.0,0.0,15
2026-02-27,26.0,58.3,0.0,8.0,17
2026-02-28,26.7,60.4,0.0,5.4,19
2026-03-01,27.1,58.8,0.0,7.7,17
2026-03-02,25.9,53.1,0.0,5.3,5
2026-03-03,27.4,58.9,0.0,7.3,7
2026-03-04,26.4,59.2,0.0,1.7,10
2026-03-05,27.0,62.6,0.0,7.3,15
2026-03-06,27.7,58.0,0.0,9.0,23
2026-03-07,27.1,66.5,0.0,9.9,10
2026-03-08,26.6,54.0,0.0,13.1,16
2026-03-09,27.1,65.3,0.0,6.0,18
2026-03-10,27.2,60.2,0.0,6.1,12
2026-03-11,27.0,64.2,0.0,0.0,9
2026-03-12,27.2,61.7,0.0,2.9,12
2026-03-13,29.5,65.6,0.0,4.2,18
2026-03-14,28.4,60.5,0.0,9.2,23
2026-03-15,27.5,58.2,0.0,2.6,20
2026-03-16,28.8,67.3,0.0,8.2,10
2026-03-17,27.6,62.1,0.0,5.0,16
2026-03-18,29.5,63.5,0.0,4.3,7
2026-03-19,28.7,67.3,0.0,6.0,4
2026-03-20,28.2,59.6,0.0,3.4,15
2026-03-21,29.0,65.5,0.0,3.3,11
2026-03-22,26.6,61.6,0.0,0.0,19
2026-03-23,27.3,63.4,0.0,4.0,11
2026-03-24,27.2,64.3,0.0,3.1,17
2026-03-25,28.9,58.9,0.0,2.9,9
2026-03-26,30.8,61.5,0.0,6.7,19
2026-03-27,31.5,69.1,0.0,7.6,12
2026-03-28,29.6,67.6,0.0,5.9,22
2026-03-29,29.5,64.4,0.0,9.0,16
2026-03-30,26.8,65.7,0.0,7.3,17
2026-03-31,28.3,63.9,0.0,3.8,12
2026-04-01,28.1,69.8,0.0,3.1,6
2026-04-02,28.3,64.5,0.0,6.3,11
2026-04-03,28.9,66.1,0.0,7.3,13
2026-04-04,28.6,69.5,0.0,10.6,15
2026-04-05,26.8,62.9,0.0,9.8,4
2026-04-06,30.1,71.2,0.0,2.8,10
2026-04-07,28.0,60.5,0.0,4.6,10
2026-04-08,29.6,71.7,0.0,7.7,5
2026-04-09,31.9,64.9,0.0,9.3,11
2026-04-10,28.4,65.6,0.0,8.8,5
2026-04-11,26.5,60.1,0.0,4.7,16
2026-04-12,29.3,65.3,0.0,0.0,7
2026-04-13,31.0,63.5,0.0,1.0,11
2026-04-14,32.2,65.2,0.0,6.1,4
2026-04-15,28.4,67.1,0.0,6.4,14
2026-04-16,30.6,71.1,0.0,0.6,19
2026-04-17,29.5,68.7,0.0,5.2,13
2026-04-18,30.0,69.3,0.0,7.5,10
2026-04-19,33.4,64.6,0.0,0.4,11
2026-04-20,28.5,65.6,0.0,9.4,11
2026-04-21,30.6,75.2,0.0,3.5,7
2026-04-22,31.0,66.5,0.0,10.0,12
2026-04-23,31.8,75.1,0.0,2.9,14
2026-04-24,30.7,68.6,0.0,0.9,15
2026-04-25,30.9,69.5,0.0,3.2,16
2026-04-26,30.1,73.3,0.0,4.6,9
2026-04-27,31.0,74.1,0.0,3.4,6
2026-04-28,30.3,69.4,0.0,4.1,14
2026-04-29,31.4,68.5,0.0,6.3,15
2026-04-30,30.3,69.8,0.0,4.3,13
2026-05-01,31.2,71.2,0.0,4.7,17
2026-05-02,30.8,73.3,0.0,0.0,9
2026-05-03,32.2,70.2,0.0,6.6,3
2026-05-04,30.8,72.5,0.0,4.6,3
2026-05-05,28.8,76.1,0.0,11.4,7
2026-05-06,32.4,71.8,0.0,1.2,15
2026-05-07,29.9,71.7,0.0,0.0,3
2026-05-08,30.2,65.4,3.1,9.2,5
2026-05-09,30.3,61.5,0.0,7.6,14
2026-05-10,32.7,72.4,0.0,2.0,2
2026-05-11,28.4,71.1,0.0,1.8,21
2026-05-12,34.7,70.0,17.3,12.7,8
2026-05-13,32.2,72.9,0.0,17.6,20
2026-05-14,31.2,72.2,0.0,4.8,7
2026-05-15,30.8,76.7,0.0,15.7,6
2026-05-16,31.2,73.4,0.0,21.8,9
2026-05-17,31.5,70.8,0.0,11.4,12
2026-05-18,31.6,77.2,0.0,12.8,11
2026-05-19,31.5,73.3,0.0,13.0,10
2026-05-20,30.9,76.3,0.0,12.5,11
2026-05-21,30.5,73.1,0.0,10.4,6
2026-05-22,30.6,72.8,0.0,19.6,12
2026-05-23,30.5,75.7,6.4,12.3,6
2026-05-24,32.0,75.7,0.0,15.1,12
2026-05-25,31.3,77.6,0.0,20.8,11
2026-05-26,27.0,75.2,0.0,5.6,24
2026-05-27,31.3,70.0,0.0,4.6,10
2026-05-28,30.7,75.1,0.0,14.5,3
2026-05-29,30.4,79.7,0.0,12.7,11
2026-05-30,29.9,76.1,0.0,8.3,16
2026-05-31,31.6,76.5,0.0,13.5,5
2026-06-01,31.4,81.1,94.3,37.5,30
2026-06-02,29.2,75.4,28.6,50.8,43
2026-06-03,30.6,72.7,0.0,33.0,50
2026-06-04,28.9,77.8,12.0,53.3,29
2026-06-05,28.3,76.9,0.0,57.0,37
2026-06-06,29.2,75.5,103.1,56.6,52
2026-06-07,30.9,78.5,0.0,48.3,32
2026-06-08,31.0,81.1,64.7,40.6,44
2026-06-09,30.4,79.7,12.3,47.4,55
2026-06-10,30.5,81.1,0.0,53.9,29
2026-06-11,30.2,86.7,15.4,57.6,39
2026-06-12,28.7,79.6,7.5,65.9,46
2026-06-13,29.9,82.1,11.2,54.3,41
2026-06-14,30.2,79.7,32.6,57.2,50
2026-06-15,30.1,78.9,12.2,55.5,53
2026-06-16,30.5,80.1,61.1,55.5,38
2026-06-17,29.8,80.9,238.4,65.3,34
2026-06-18,29.3,84.1,7.0,71.4,31
2026-06-19,30.1,91.5,40.6,70.8,44
2026-06-20,28.7,81.1,0.0,67.8,22
2026-06-21,27.5,82.5,8.8,77.2,38
2026-06-22,28.3,84.1,14.8,69.2,81
2026-06-23,27.5,86.1,44.6,73.5,101
2026-06-24,27.5,85.7,45.4,72.5,71
2026-06-25,28.1,89.4,38.8,83.0,106
2026-06-26,27.3,76.5,0.0,68.3,84
2026-06-27,27.9,76.8,50.3,70.9,88
2026-06-28,25.9,83.5,13.5,58.9,88
2026-06-29,28.4,89.2,52.6,78.7,78
2026-06-30,28.1,80.0,106.7,72.4,89
2026-07-01,27.1,75.0,84.6,66.2,86
2026-07-02,28.8,87.7,64.8,73.1,108
2026-07-03,29.1,86.6,21.9,79.8,115
2026-07-04,26.0,82.1,42.4,57.1,108
2026-07-05,27.0,82.6,47.3,70.7,89
2026-07-06,27.0,82.7,10.5,80.7,110
2026-07-07,26.7,86.6,43.3,71.9,85
2026-07-08,28.8,84.1,41.0,70.8,105
2026-07-09,27.5,88.2,82.7,80.6,135
2026-07-10,27.4,76.6,143.9,69.2,118
2026-07-11,25.3,83.7,101.2,53.9,119
2026-07-12,28.4,82.8,16.1,74.3,122
2026-07-13,26.1,86.0,140.3,80.2,122
2026-07-14,27.6,85.1,0.0,79.0,123
2026-07-15,27.8,89.9,31.2,74.3,123
2026-07-16,29.1,80.7,107.7,79.2,131
2026-07-17,25.8,87.5,61.7,68.0,117
2026-07-18,23.7,89.4,60.1,33.1,109
2026-07-19,27.5,94.1,75.6,79.1,110
2026-07-20,29.4,86.0,21.2,77.2,116
2026-07-21,28.7,88.9,50.3,79.9,109
2026-07-22,27.4,81.6,122.7,70.1,110
2026-07-23,26.5,79.6,53.2,76.6,121
2026-07-24,28.1,91.0,137.6,81.7,144
2026-07-25,26.0,88.0,68.7,74.6,104
2026-07-26,27.7,92.1,0.0,88.3,108
2026-07-27,27.7,83.2,26.4,75.0,134
2026-07-28,28.4,89.8,17.5,85.9,141
2026-07-29,30.4,94.5,33.8,61.4,118
2026-07-30,27.6,89.5,78.1,74.1,132
2026-07-31,26.5,89.0,98.4,72.4,114
2026-08-01,27.1,88.0,68.9,80.5,93
2026-08-02,25.0,82.5,25.8,50.4,153
2026-08-03,26.3,92.7,69.6,71.5,153
2026-08-04,26.6,85.9,0.0,78.4,111
2026-08-05,26.5,89.8,6.3,73.7,133
2026-08-06,27.3,82.5,61.3,72.8,123
2026-08-07,26.1,83.9,102.0,69.4,112
2026-08-08,28.4,93.0,55.2,81.8,70
2026-08-09,27.1,86.8,51.0,67.3,150
2026-08-10,27.1,93.0,33.7,80.8,139
2026-08-11,26.7,87.6,92.7,76.8,138
2026-08-12,27.3,81.4,30.6,76.0,126
2026-08-13,28.1,90.9,50.7,85.6,128
2026-08-14,26.1,85.6,38.3,64.9,151
2026-08-15,26.3,90.0,48.4,72.4,127
2026-08-16,26.7,87.6,22.1,68.1,149
2026-08-17,25.5,82.1,48.0,59.6,148
2026-08-18,26.1,88.0,79.9,76.4,148
2026-08-19,26.6,95.0,31.3,71.6,105
2026-08-20,28.2,89.0,7.8,77.9,142
2026-08-21,27.5,87.0,59.8,76.3,133
2026-08-22,27.4,90.9,85.6,80.7,136
2026-08-23,28.2,87.8,10.8,75.8,88
2026-08-24,27.0,87.7,0.9,77.9,130
2026-08-25,27.6,83.1,84.6,80.3,139
2026-08-26,27.1,87.7,57.0,79.3,124
2026-08-27,27.5,90.4,113.4,73.5,119
2026-08-28,26.5,83.8,36.0,75.0,126
2026-08-29,24.3,91.7,20.2,47.7,150
2026-08-30,27.1,86.3,88.6,80.8,105
2026-08-31,29.0,83.4,20.5,76.5,141
2026-09-01,28.4,90.0,9.6,81.1,119
2026-09-02,28.4,85.4,0.0,82.3,109
2026-09-03,28.8,89.0,75.4,86.2,154
2026-09-04,27.4,85.2,19.0,73.8,132
2026-09-05,27.5,86.0,1.4,81.7,116
2026-09-06,26.6,87.9,0.0,71.8,109
2026-09-07,26.9,87.1,89.7,74.9,110
2026-09-08,28.1,79.0,30.1,67.2,133
2026-09-09,28.8,81.8,23.9,72.3,123
2026-09-10,27.3,88.7,149.3,73.9,121
2026-09-11,26.9,84.7,6.3,71.6,126
2026-09-12,27.5,83.0,50.7,71.7,138
2026-09-13,28.3,79.8,58.9,71.8,146
2026-09-14,25.9,80.5,0.0,59.1,111
2026-09-15,24.9,76.9,1.7,45.9,138
2026-09-16,27.0,83.3,0.0,66.5,123
2026-09-17,26.3,81.3,21.7,59.1,133
2026-09-18,27.2,79.7,65.1,72.7,120
2026-09-19,27.6,82.6,0.0,72.1,84
2026-09-20,27.3,83.8,16.7,79.4,137
2026-09-21,29.7,89.6,10.7,69.1,129
2026-09-22,28.3,76.7,69.1,71.5,146
2026-09-23,28.4,85.7,2.0,81.9,133
2026-09-24,28.8,84.9,23.7,70.0,142
2026-09-25,26.7,78.5,0.0,60.9,115
2026-09-26,29.3,81.7,0.0,67.6,133
2026-09-27,28.0,79.2,21.4,67.4,132
2026-09-28,29.0,81.2,15.2,64.1,131
2026-09-29,26.9,85.6,69.6,74.9,125
2026-09-30,26.4,82.2,33.0,63.5,152
2026-10-01,29.2,81.7,0.0,67.0,129
2026-10-02,28.8,78.2,0.0,63.9,105
2026-10-03,27.3,74.3,0.0,55.3,105
2026-10-04,27.3,78.5,0.0,64.2,134
2026-10-05,29.8,83.2,0.0,64.7,98
2026-10-06,27.0,73.4,0.0,53.0,68
2026-10-07,30.4,74.9,0.0,43.2,118
2026-10-08,27.4,78.8,0.0,56.2,96
2026-10-09,29.3,74.7,0.0,50.6,113
2026-10-10,28.2,74.9,0.0,56.3,88
2026-10-11,29.3,75.8,0.0,50.7,99
2026-10-12,27.9,72.1,0.0,43.5,88
2026-10-13,28.4,73.1,6.1,32.0,100
2026-10-14,28.6,78.6,0.0,13.7,125
2026-10-15,27.4,71.1,0.0,6.5,102
2026-10-16,29.5,69.7,0.0,10.4,86
2026-10-17,28.0,72.7,0.0,2.3,94
2026-10-18,28.4,77.1,8.0,20.7,106
2026-10-19,27.5,73.4,0.0,20.1,105
2026-10-20,25.6,72.1,0.0,17.0,115
2026-10-21,28.4,73.5,0.0,16.0,90
2026-10-22,31.6,66.8,0.0,11.1,97
2026-10-23,29.6,74.2,33.1,37.0,103
2026-10-24,28.6,73.7,0.0,39.6,87
2026-10-25,28.3,70.7,0.0,31.0,103
2026-10-26,28.6,75.5,0.0,36.0,88
2026-10-27,29.3,67.9,0.0,28.7,64
2026-10-28,27.2,75.6,0.0,26.8,64
2026-10-29,29.9,72.0,4.1,26.3,94
2026-10-30,29.4,70.1,20.0,37.8,91
2026-10-31,29.4,71.0,0.0,37.5,96
2026-11-01,29.0,70.5,0.0,33.9,69
2026-11-02,28.5,75.0,0.0,32.5,62
2026-11-03,29.3,66.8,0.0,26.4,45
2026-11-04,29.1,67.7,0.0,26.1,30
2026-11-05,28.0,73.8,0.0,39.1,12
2026-11-06,27.7,67.9,0.0,16.5,22
2026-11-07,28.5,73.0,0.0,19.4,6
2026-11-08,30.2,75.6,0.0,12.7,34
2026-11-09,26.8,67.9,0.0,23.7,31
2026-11-10,26.4,71.4,0.0,18.9,35
2026-11-11,28.3,64.6,0.0,17.4,28
2026-11-12,28.1,71.0,0.0,20.1,22
2026-11-13,28.2,68.7,0.0,0.7,58
2026-11-14,28.2,69.3,0.0,0.0,65
2026-11-15,27.5,65.1,0.0,1.0,43
2026-11-16,29.5,61.2,0.0,2.1,47
2026-11-17,25.7,68.4,0.0,6.5,44
2026-11-18,26.6,59.1,0.0,1.8,32
2026-11-19,27.4,64.9,0.0,12.0,50
2026-11-20,25.4,69.0,0.0,9.1,48
2026-11-21,27.1,66.0,0.0,8.2,59
2026-11-22,29.2,71.8,0.0,4.5,41
2026-11-23,27.2,68.3,0.0,11.1,50
2026-11-24,27.4,62.2,0.0,4.1,40
2026-11-25,25.5,64.5,0.0,4.9,36
2026-11-26,26.3,64.0,0.0,5.7,61
2026-11-27,26.5,58.5,0.0,7.8,23
2026-11-28,26.5,60.6,0.0,7.5,31
2026-11-29,28.4,61.8,0.0,3.1,18
2026-11-30,27.4,56.5,0.0,2.9,32
2026-12-01,25.4,63.6,0.0,7.6,49
2026-12-02,27.0,62.4,0.0,7.9,30
2026-12-03,27.2,57.3,0.0,3.4,38
2026-12-04,27.9,64.4,0.0,0.0,10
2026-12-05,28.4,65.3,0.0,4.2,14
2026-12-06,25.2,63.4,0.0,7.5,6
2026-12-07,25.4,61.4,0.0,12.2,10
2026-12-08,24.8,64.4,0.0,0.2,16
2026-12-09,26.0,64.6,0.0,3.3,8
2026-12-10,26.8,63.1,0.0,3.4,14
2026-12-11,27.4,59.1,0.0,10.4,23
2026-12-12,26.1,62.8,0.0,4.9,16
2026-12-13,25.7,65.9,0.0,1.4,8
2026-12-14,26.2,59.5,0.0,7.2,26
2026-12-15,25.0,68.8,0.0,3.4,12
2026-12-16,28.5,59.4,0.0,0.1,14
2026-12-17,24.0,61.2,0.0,1.4,16
2026-12-18,26.1,58.6,0.0,11.9,27
2026-12-19,28.2,61.6,0.0,6.5,14
2026-12-20,25.7,54.5,0.0,5.4,13
2026-12-21,25.4,58.5,0.0,4.0,10
2026-12-22,25.1,56.4,0.0,6.2,21
2026-12-23,25.3,60.5,0.0,6.1,13
2026-12-24,27.1,63.5,0.0,6.2,10
2026-12-25,22.8,62.3,0.0,5.5,17
2026-12-26,27.3,51.7,0.0,8.5,16
2026-12-27,23.8,67.1,0.0,5.1,21
2026-12-28,25.2,61.0,0.0,1.1,25
2026-12-29,25.0,57.3,0.0,2.6,11
2026-12-30,26.2,60.5,0.0,0.0,10
2026-12-31,23.6,60.6,0.0,13.1,18
